Workbook

Sheet Bilgiler
A1: 📝 BİLGİLERİ DOLDURUNUZ
A2: Aşağıdaki bilgileri kendi okulunuza ve sınıfınıza göre doldurun. 'Ölçek' sayfasındaki başlıklar otomatik güncellenecek.
A4: Okul Adı
A5: Eğitim Öğretim Yılı
A6: Sınıf / Şube
A7: Dönem
A8: Ders | B8: Müzik
A9: Sınıf Öğretmeni
A10: Okul Müdürü

Sheet Öğrenci Listesi
A1: 📋 SİSTEMDEN ÖĞRENCİ LİSTESİNİ BURAYA YAPIŞTIRIN
A2: Sistemde notları işaretledikten sonra tüm tabloyu kopyalayın (Ctrl+C), aşağıdaki sarı alana yapıştırın (Ctrl+V).
A3: ✓ Öğrenci adları, numaraları ve seviyeler 'Ölçek' sayfasına otomatik aktarılacak.
A5: NO | B5: ADI SOYADI | C5: Geliştirilmeli | D5: Yeterli | E5: İyi | F5: Çok İyi | G5: SONUÇ | H5: (yok sayılır)

Sheet Ölçek
A1: =Bilgiler!B4&" • "&Bilgiler!B5&" EĞİTİM ÖĞRETİM YILI"
A2: =Bilgiler!B6&" SINIFI "&Bilgiler!B7&" "&Bilgiler!B8&" DERSİ KAZANIM DEĞERLENDİRME ÖLÇEĞİ"
A4: NO | B4: ADI VE SOYADI | C4: Konuşurken ve şarkı söylerken sesini doğru kullanır | D4: Birlikte söyleme kurallarına uyar | E4: Belirli gün ve haftalarla ilgili müzikleri söyler | F4: İstiklâl Marşı'nı saygıyla söyler | G4: Oluşturduğu ritim çalgısıyla müziğe eşlik eder | H4: Kendi kültüründen oyunlar oynayarak şarkı söyler | I4: Müzik çalışmalarını sergiler | J4: Müzikteki uzun ve kısa ses sürelerini fark eder | K4: Müzikteki ses yüksekliklerini grafikle gösterir | L4: Duyduğu basit ritim ve ezgiyi tekrarlar | M4: Müzikleri uygun hız ve gürlükte seslendirir | N4: Müziklerdeki aynı ve farklı söz kümelerini harekete dönüştürür | O4: Notalar ile renkleri eşleştirir | P4: Seslerin yükseklik ve süre farklılıklarını ayırt eder | Q4: ORTALAMA | R4: SEVİYE
A5: =IFERROR(IF('Öğrenci Listesi'!A6="","",'Öğrenci Listesi'!A6),"") | B5: =IFERROR(IF('Öğrenci Listesi'!B6="","",'Öğrenci Listesi'!B6),"") | C5: =IF(OR('Öğrenci Listesi'!B6="",R5=""),"",IF(R5="Çok İyi",CHOOSE(RANDBETWEEN(1,5),4,4,4,4,3),IF(R5="İyi",CHOOSE(RANDBETWEEN(1,5),3,3,3,4,2),IF(R5="Yeterli",CHOOSE(RANDBETWEEN(1,5),2,2,2,3,1),IF(R5="Geliştirilmeli",CHOOSE(RANDBETWEEN(1,5),1,1,1,1,2),""))))) | D5: =IF(OR('Öğrenci Listesi'!B6="",R5=""),"",IF(R5="Çok İyi",CHOOSE(RANDBETWEEN(1,5),4,4,4,4,3),IF(R5="İyi",CHOOSE(RANDBETWEEN(1,5),3,3,3,4,2),IF(R5="Yeterli",CHOOSE(RANDBETWEEN(1,5),2,2,2,3,1),IF(R5="Geliştirilmeli",CHOOSE(RANDBETWEEN(1,5),1,1,1,1,2),""))))) | E5: =IF(OR('Öğrenci Listesi'!B6="",R5=""),"",IF(R5="Çok İyi",CHOOSE(RANDBETWEEN(1,5),4,4,4,4,3),IF(R5="İyi",CHOOSE(RANDBETWEEN(1,5),3,3,3,4,2),IF(R5="Yeterli",CHOOSE(RANDBETWEEN(1,5),2,2,2,3,1),IF(R5="Geliştirilmeli",CHOOSE(RANDBETWEEN(1,5),1,1,1,1,2),""))))) | F5: =IF(OR('Öğrenci Listesi'!B6="",R5=""),"",IF(R5="Çok İyi",CHOOSE(RANDBETWEEN(1,5),4,4,4,4,3),IF(R5="İyi",CHOOSE(RANDBETWEEN(1,5),3,3,3,4,2),IF(R5="Yeterli",CHOOSE(RANDBETWEEN(1,5),2,2,2,3,1),IF(R5="Geliştirilmeli",CHOOSE(RANDBETWEEN(1,5),1,1,1,1,2),""))))) | G5: =IF(OR('Öğrenci Listesi'!B6="",R5=""),"",IF(R5="Çok İyi",CHOOSE(RANDBETWEEN(1,5),4,4,4,4,3),IF(R5="İyi",CHOOSE(RANDBETWEEN(1,5),3,3,3,4,2),IF(R5="Yeterli",CHOOSE(RANDBETWEEN(1,5),2,2,2,3,1),IF(R5="Geliştirilmeli",CHOOSE(RANDBETWEEN(1,5),1,1,1,1,2),""))))) | H5: =IF(OR('Öğrenci Listesi'!B6="",R5=""),"",IF(R5="Çok İyi",CHOOSE(RANDBETWEEN(1,5),4,4,4,4,3),IF(R5="İyi",CHOOSE(RANDBETWEEN(1,5),3,3,3,4,2),IF(R5="Yeterli",CHOOSE(RANDBETWEEN(1,5),2,2,2,3,1),IF(R5="Geliştirilmeli",CHOOSE(RANDBETWEEN(1,5),1,1,1,1,2),""))))) | I5: =IF(OR('Öğrenci Listesi'!B6="",R5=""),"",IF(R5="Çok İyi",CHOOSE(RANDBETWEEN(1,5),4,4,4,4,3),IF(R5="İyi",CHOOSE(RANDBETWEEN(1,5),3,3,3,4,2),IF(R5="Yeterli",CHOOSE(RANDBETWEEN(1,5),2,2,2,3,1),IF(R5="Geliştirilmeli",CHOOSE(RANDBETWEEN(1,5),1,1,1,1,2),""))))) | J5: =IF(OR('Öğrenci Listesi'!B6="",R5=""),"",IF(R5="Çok İyi",CHOOSE(RANDBETWEEN(1,5),4,4,4,4,3),IF(R5="İyi",CHOOSE(RANDBETWEEN(1,5),3,3,3,4,2),IF(R5="Yeterli",CHOOSE(RANDBETWEEN(1,5),2,2,2,3,1),IF(R5="Geliştirilmeli",CHOOSE(RANDBETWEEN(1,5),1,1,1,1,2),""))))) | K5: =IF(OR('Öğrenci Listesi'!B6="",R5=""),"",IF(R5="Çok İyi",CHOOSE(RANDBETWEEN(1,5),4,4,4,4,3),IF(R5="İyi",CHOOSE(RANDBETWEEN(1,5),3,3,3,4,2),IF(R5="Yeterli",CHOOSE(RANDBETWEEN(1,5),2,2,2,3,1),IF(R5="Geliştirilmeli",CHOOSE(RANDBETWEEN(1,5),1,1,1,1,2),""))))) | L5: =IF(OR('Öğrenci Listesi'!B6="",R5=""),"",IF(R5="Çok İyi",CHOOSE(RANDBETWEEN(1,5),4,4,4,4,3),IF(R5="İyi",CHOOSE(RANDBETWEEN(1,5),3,3,3,4,2),IF(R5="Yeterli",CHOOSE(RANDBETWEEN(1,5),2,2,2,3,1),IF(R5="Geliştirilmeli",CHOOSE(RANDBETWEEN(1,5),1,1,1,1,2),""))))) | M5: =IF(OR('Öğrenci Listesi'!B6="",R5=""),"",IF(R5="Çok İyi",CHOOSE(RANDBETWEEN(1,5),4,4,4,4,3),IF(R5="İyi",CHOOSE(RANDBETWEEN(1,5),3,3,3,4,2),IF(R5="Yeterli",CHOOSE(RANDBETWEEN(1,5),2,2,2,3,1),IF(R5="Geliştirilmeli",CHOOSE(RANDBETWEEN(1,5),1,1,1,1,2),""))))) | N5: =IF(OR('Öğrenci Listesi'!B6="",R5=""),"",IF(R5="Çok İyi",CHOOSE(RANDBETWEEN(1,5),4,4,4,4,3),IF(R5="İyi",CHOOSE(RANDBETWEEN(1,5),3,3,3,4,2),IF(R5="Yeterli",CHOOSE(RANDBETWEEN(1,5),2,2,2,3,1),IF(R5="Geliştirilmeli",CHOOSE(RANDBETWEEN(1,5),1,1,1,1,2),""))))) | O5: =IF(OR('Öğrenci Listesi'!B6="",R5=""),"",IF(R5="Çok İyi",CHOOSE(RANDBETWEEN(1,5),4,4,4,4,3),IF(R5="İyi",CHOOSE(RANDBETWEEN(1,5),3,3,3,4,2),IF(R5="Yeterli",CHOOSE(RANDBETWEEN(1,5),2,2,2,3,1),IF(R5="Geliştirilmeli",CHOOSE(RANDBETWEEN(1,5),1,1,1,1,2),""))))) | P5: =IF(OR('Öğrenci Listesi'!B6="",R5=""),"",IF(R5="Çok İyi",CHOOSE(RANDBETWEEN(1,5),4,4,4,4,3),IF(R5="İyi",CHOOSE(RANDBETWEEN(1,5),3,3,3,4,2),IF(R5="Yeterli",CHOOSE(RANDBETWEEN(1,5),2,2,2,3,1),IF(R5="Geliştirilmeli",CHOOSE(RANDBETWEEN(1,5),1,1,1,1,2),""))))) | Q5: =IF(OR('Öğrenci Listesi'!B6="",R5=""),"",ROUND(AVERAGE(C5:P5),2)) | R5: =IFERROR(IF('Öğrenci Listesi'!G6="","",IF(UPPER(TRIM('Öğrenci Listesi'!G6))="ÇOK İYİ","Çok İyi",IF(UPPER(TRIM('Öğrenci Listesi'!G6))="İYİ","İyi",IF(UPPER(TRIM('Öğrenci Listesi'!G6))="YETERLİ","Yeterli",IF(UPPER(TRIM('Öğrenci Listesi'!G6))="GELİŞTİRİLMELİ","Geliştirilmeli",'Öğrenci Listesi'!G6))))),"")
A6: =IFERROR(IF('Öğrenci Listesi'!A7="","",'Öğrenci Listesi'!A7),"") | B6: =IFERROR(IF('Öğrenci Listesi'!B7="","",'Öğrenci Listesi'!B7),"") | C6: =IF(OR('Öğrenci Listesi'!B7="",R6=""),"",IF(R6="Çok İyi",CHOOSE(RANDBETWEEN(1,5),4,4,4,4,3),IF(R6="İyi",CHOOSE(RANDBETWEEN(1,5),3,3,3,4,2),IF(R6="Yeterli",CHOOSE(RANDBETWEEN(1,5),2,2,2,3,1),IF(R6="Geliştirilmeli",CHOOSE(RANDBETWEEN(1,5),1,1,1,1,2),""))))) | D6: =IF(OR('Öğrenci Listesi'!B7="",R6=""),"",IF(R6="Çok İyi",CHOOSE(RANDBETWEEN(1,5),4,4,4,4,3),IF(R6="İyi",CHOOSE(RANDBETWEEN(1,5),3,3,3,4,2),IF(R6="Yeterli",CHOOSE(RANDBETWEEN(1,5),2,2,2,3,1),IF(R6="Geliştirilmeli",CHOOSE(RANDBETWEEN(1,5),1,1,1,1,2),""))))) | E6: =IF(OR('Öğrenci Listesi'!B7="",R6=""),"",IF(R6="Çok İyi",CHOOSE(RANDBETWEEN(1,5),4,4,4,4,3),IF(R6="İyi",CHOOSE(RANDBETWEEN(1,5),3,3,3,4,2),IF(R6="Yeterli",CHOOSE(RANDBETWEEN(1,5),2,2,2,3,1),IF(R6="Geliştirilmeli",CHOOSE(RANDBETWEEN(1,5),1,1,1,1,2),""))))) | F6: =IF(OR('Öğrenci Listesi'!B7="",R6=""),"",IF(R6="Çok İyi",CHOOSE(RANDBETWEEN(1,5),4,4,4,4,3),IF(R6="İyi",CHOOSE(RANDBETWEEN(1,5),3,3,3,4,2),IF(R6="Yeterli",CHOOSE(RANDBETWEEN(1,5),2,2,2,3,1),IF(R6="Geliştirilmeli",CHOOSE(RANDBETWEEN(1,5),1,1,1,1,2),""))))) | G6: =IF(OR('Öğrenci Listesi'!B7="",R6=""),"",IF(R6="Çok İyi",CHOOSE(RANDBETWEEN(1,5),4,4,4,4,3),IF(R6="İyi",CHOOSE(RANDBETWEEN(1,5),3,3,3,4,2),IF(R6="Yeterli",CHOOSE(RANDBETWEEN(1,5),2,2,2,3,1),IF(R6="Geliştirilmeli",CHOOSE(RANDBETWEEN(1,5),1,1,1,1,2),""))))) | H6: =IF(OR('Öğrenci Listesi'!B7="",R6=""),"",IF(R6="Çok İyi",CHOOSE(RANDBETWEEN(1,5),4,4,4,4,3),IF(R6="İyi",CHOOSE(RANDBETWEEN(1,5),3,3,3,4,2),IF(R6="Yeterli",CHOOSE(RANDBETWEEN(1,5),2,2,2,3,1),IF(R6="Geliştirilmeli",CHOOSE(RANDBETWEEN(1,5),1,1,1,1,2),""))))) | I6: =IF(OR('Öğrenci Listesi'!B7="",R6=""),"",IF(R6="Çok İyi",CHOOSE(RANDBETWEEN(1,5),4,4,4,4,3),IF(R6="İyi",CHOOSE(RANDBETWEEN(1,5),3,3,3,4,2),IF(R6="Yeterli",CHOOSE(RANDBETWEEN(1,5),2,2,2,3,1),IF(R6="Geliştirilmeli",CHOOSE(RANDBETWEEN(1,5),1,1,1,1,2),""))))) | J6: =IF(OR('Öğrenci Listesi'!B7="",R6=""),"",IF(R6="Çok İyi",CHOOSE(RANDBETWEEN(1,5),4,4,4,4,3),IF(R6="İyi",CHOOSE(RANDBETWEEN(1,5),3,3,3,4,2),IF(R6="Yeterli",CHOOSE(RANDBETWEEN(1,5),2,2,2,3,1),IF(R6="Geliştirilmeli",CHOOSE(RANDBETWEEN(1,5),1,1,1,1,2),""))))) | K6: =IF(OR('Öğrenci Listesi'!B7="",R6=""),"",IF(R6="Çok İyi",CHOOSE(RANDBETWEEN(1,5),4,4,4,4,3),IF(R6="İyi",CHOOSE(RANDBETWEEN(1,5),3,3,3,4,2),IF(R6="Yeterli",CHOOSE(RANDBETWEEN(1,5),2,2,2,3,1),IF(R6="Geliştirilmeli",CHOOSE(RANDBETWEEN(1,5),1,1,1,1,2),""))))) | L6: =IF(OR('Öğrenci Listesi'!B7="",R6=""),"",IF(R6="Çok İyi",CHOOSE(RANDBETWEEN(1,5),4,4,4,4,3),IF(R6="İyi",CHOOSE(RANDBETWEEN(1,5),3,3,3,4,2),IF(R6="Yeterli",CHOOSE(RANDBETWEEN(1,5),2,2,2,3,1),IF(R6="Geliştirilmeli",CHOOSE(RANDBETWEEN(1,5),1,1,1,1,2),""))))) | M6: =IF(OR('Öğrenci Listesi'!B7="",R6=""),"",IF(R6="Çok İyi",CHOOSE(RANDBETWEEN(1,5),4,4,4,4,3),IF(R6="İyi",CHOOSE(RANDBETWEEN(1,5),3,3,3,4,2),IF(R6="Yeterli",CHOOSE(RANDBETWEEN(1,5),2,2,2,3,1),IF(R6="Geliştirilmeli",CHOOSE(RANDBETWEEN(1,5),1,1,1,1,2),""))))) | N6: =IF(OR('Öğrenci Listesi'!B7="",R6=""),"",IF(R6="Çok İyi",CHOOSE(RANDBETWEEN(1,5),4,4,4,4,3),IF(R6="İyi",CHOOSE(RANDBETWEEN(1,5),3,3,3,4,2),IF(R6="Yeterli",CHOOSE(RANDBETWEEN(1,5),2,2,2,3,1),IF(R6="Geliştirilmeli",CHOOSE(RANDBETWEEN(1,5),1,1,1,1,2),""))))) | O6: =IF(OR('Öğrenci Listesi'!B7="",R6=""),"",IF(R6="Çok İyi",CHOOSE(RANDBETWEEN(1,5),4,4,4,4,3),IF(R6="İyi",CHOOSE(RANDBETWEEN(1,5),3,3,3,4,2),IF(R6="Yeterli",CHOOSE(RANDBETWEEN(1,5),2,2,2,3,1),IF(R6="Geliştirilmeli",CHOOSE(RANDBETWEEN(1,5),1,1,1,1,2),""))))) | P6: =IF(OR('Öğrenci Listesi'!B7="",R6=""),"",IF(R6="Çok İyi",CHOOSE(RANDBETWEEN(1,5),4,4,4,4,3),IF(R6="İyi",CHOOSE(RANDBETWEEN(1,5),3,3,3,4,2),IF(R6="Yeterli",CHOOSE(RANDBETWEEN(1,5),2,2,2,3,1),IF(R6="Geliştirilmeli",CHOOSE(RANDBETWEEN(1,5),1,1,1,1,2),""))))) | Q6: =IF(OR('Öğrenci Listesi'!B7="",R6=""),"",ROUND(AVERAGE(C6:P6),2)) | R6: =IFERROR(IF('Öğrenci Listesi'!G7="","",IF(UPPER(TRIM('Öğrenci Listesi'!G7))="ÇOK İYİ","Çok İyi",IF(UPPER(TRIM('Öğrenci Listesi'!G7))="İYİ","İyi",IF(UPPER(TRIM('Öğrenci Listesi'!G7))="YETERLİ","Yeterli",IF(UPPER(TRIM('Öğrenci Listesi'!G7))="GELİŞTİRİLMELİ","Geliştirilmeli",'Öğrenci Listesi'!G7))))),"")
A7: =IFERROR(IF('Öğrenci Listesi'!A8="","",'Öğrenci Listesi'!A8),"") | B7: =IFERROR(IF('Öğrenci Listesi'!B8="","",'Öğrenci Listesi'!B8),"") | C7: =IF(OR('Öğrenci Listesi'!B8="",R7=""),"",IF(R7="Çok İyi",CHOOSE(RANDBETWEEN(1,5),4,4,4,4,3),IF(R7="İyi",CHOOSE(RANDBETWEEN(1,5),3,3,3,4,2),IF(R7="Yeterli",CHOOSE(RANDBETWEEN(1,5),2,2,2,3,1),IF(R7="Geliştirilmeli",CHOOSE(RANDBETWEEN(1,5),1,1,1,1,2),""))))) | D7: =IF(OR('Öğrenci Listesi'!B8="",R7=""),"",IF(R7="Çok İyi",CHOOSE(RANDBETWEEN(1,5),4,4,4,4,3),IF(R7="İyi",CHOOSE(RANDBETWEEN(1,5),3,3,3,4,2),IF(R7="Yeterli",CHOOSE(RANDBETWEEN(1,5),2,2,2,3,1),IF(R7="Geliştirilmeli",CHOOSE(RANDBETWEEN(1,5),1,1,1,1,2),""))))) | E7: =IF(OR('Öğrenci Listesi'!B8="",R7=""),"",IF(R7="Çok İyi",CHOOSE(RANDBETWEEN(1,5),4,4,4,4,3),IF(R7="İyi",CHOOSE(RANDBETWEEN(1,5),3,3,3,4,2),IF(R7="Yeterli",CHOOSE(RANDBETWEEN(1,5),2,2,2,3,1),IF(R7="Geliştirilmeli",CHOOSE(RANDBETWEEN(1,5),1,1,1,1,2),""))))) | F7: =IF(OR('Öğrenci Listesi'!B8="",R7=""),"",IF(R7="Çok İyi",CHOOSE(RANDBETWEEN(1,5),4,4,4,4,3),IF(R7="İyi",CHOOSE(RANDBETWEEN(1,5),3,3,3,4,2),IF(R7="Yeterli",CHOOSE(RANDBETWEEN(1,5),2,2,2,3,1),IF(R7="Geliştirilmeli",CHOOSE(RANDBETWEEN(1,5),1,1,1,1,2),""))))) | G7: =IF(OR('Öğrenci Listesi'!B8="",R7=""),"",IF(R7="Çok İyi",CHOOSE(RANDBETWEEN(1,5),4,4,4,4,3),IF(R7="İyi",CHOOSE(RANDBETWEEN(1,5),3,3,3,4,2),IF(R7="Yeterli",CHOOSE(RANDBETWEEN(1,5),2,2,2,3,1),IF(R7="Geliştirilmeli",CHOOSE(RANDBETWEEN(1,5),1,1,1,1,2),""))))) | H7: =IF(OR('Öğrenci Listesi'!B8="",R7=""),"",IF(R7="Çok İyi",CHOOSE(RANDBETWEEN(1,5),4,4,4,4,3),IF(R7="İyi",CHOOSE(RANDBETWEEN(1,5),3,3,3,4,2),IF(R7="Yeterli",CHOOSE(RANDBETWEEN(1,5),2,2,2,3,1),IF(R7="Geliştirilmeli",CHOOSE(RANDBETWEEN(1,5),1,1,1,1,2),""))))) | I7: =IF(OR('Öğrenci Listesi'!B8="",R7=""),"",IF(R7="Çok İyi",CHOOSE(RANDBETWEEN(1,5),4,4,4,4,3),IF(R7="İyi",CHOOSE(RANDBETWEEN(1,5),3,3,3,4,2),IF(R7="Yeterli",CHOOSE(RANDBETWEEN(1,5),2,2,2,3,1),IF(R7="Geliştirilmeli",CHOOSE(RANDBETWEEN(1,5),1,1,1,1,2),""))))) | J7: =IF(OR('Öğrenci Listesi'!B8="",R7=""),"",IF(R7="Çok İyi",CHOOSE(RANDBETWEEN(1,5),4,4,4,4,3),IF(R7="İyi",CHOOSE(RANDBETWEEN(1,5),3,3,3,4,2),IF(R7="Yeterli",CHOOSE(RANDBETWEEN(1,5),2,2,2,3,1),IF(R7="Geliştirilmeli",CHOOSE(RANDBETWEEN(1,5),1,1,1,1,2),""))))) | K7: =IF(OR('Öğrenci Listesi'!B8="",R7=""),"",IF(R7="Çok İyi",CHOOSE(RANDBETWEEN(1,5),4,4,4,4,3),IF(R7="İyi",CHOOSE(RANDBETWEEN(1,5),3,3,3,4,2),IF(R7="Yeterli",CHOOSE(RANDBETWEEN(1,5),2,2,2,3,1),IF(R7="Geliştirilmeli",CHOOSE(RANDBETWEEN(1,5),1,1,1,1,2),""))))) | L7: =IF(OR('Öğrenci Listesi'!B8="",R7=""),"",IF(R7="Çok İyi",CHOOSE(RANDBETWEEN(1,5),4,4,4,4,3),IF(R7="İyi",CHOOSE(RANDBETWEEN(1,5),3,3,3,4,2),IF(R7="Yeterli",CHOOSE(RANDBETWEEN(1,5),2,2,2,3,1),IF(R7="Geliştirilmeli",CHOOSE(RANDBETWEEN(1,5),1,1,1,1,2),""))))) | M7: =IF(OR('Öğrenci Listesi'!B8="",R7=""),"",IF(R7="Çok İyi",CHOOSE(RANDBETWEEN(1,5),4,4,4,4,3),IF(R7="İyi",CHOOSE(RANDBETWEEN(1,5),3,3,3,4,2),IF(R7="Yeterli",CHOOSE(RANDBETWEEN(1,5),2,2,2,3,1),IF(R7="Geliştirilmeli",CHOOSE(RANDBETWEEN(1,5),1,1,1,1,2),""))))) | N7: =IF(OR('Öğrenci Listesi'!B8="",R7=""),"",IF(R7="Çok İyi",CHOOSE(RANDBETWEEN(1,5),4,4,4,4,3),IF(R7="İyi",CHOOSE(RANDBETWEEN(1,5),3,3,3,4,2),IF(R7="Yeterli",CHOOSE(RANDBETWEEN(1,5),2,2,2,3,1),IF(R7="Geliştirilmeli",CHOOSE(RANDBETWEEN(1,5),1,1,1,1,2),""))))) | O7: =IF(OR('Öğrenci Listesi'!B8="",R7=""),"",IF(R7="Çok İyi",CHOOSE(RANDBETWEEN(1,5),4,4,4,4,3),IF(R7="İyi",CHOOSE(RANDBETWEEN(1,5),3,3,3,4,2),IF(R7="Yeterli",CHOOSE(RANDBETWEEN(1,5),2,2,2,3,1),IF(R7="Geliştirilmeli",CHOOSE(RANDBETWEEN(1,5),1,1,1,1,2),""))))) | P7: =IF(OR('Öğrenci Listesi'!B8="",R7=""),"",IF(R7="Çok İyi",CHOOSE(RANDBETWEEN(1,5),4,4,4,4,3),IF(R7="İyi",CHOOSE(RANDBETWEEN(1,5),3,3,3,4,2),IF(R7="Yeterli",CHOOSE(RANDBETWEEN(1,5),2,2,2,3,1),IF(R7="Geliştirilmeli",CHOOSE(RANDBETWEEN(1,5),1,1,1,1,2),""))))) | Q7: =IF(OR('Öğrenci Listesi'!B8="",R7=""),"",ROUND(AVERAGE(C7:P7),2)) | R7: =IFERROR(IF('Öğrenci Listesi'!G8="","",IF(UPPER(TRIM('Öğrenci Listesi'!G8))="ÇOK İYİ","Çok İyi",IF(UPPER(TRIM('Öğrenci Listesi'!G8))="İYİ","İyi",IF(UPPER(TRIM('Öğrenci Listesi'!G8))="YETERLİ","Yeterli",IF(UPPER(TRIM('Öğrenci Listesi'!G8))="GELİŞTİRİLMELİ","Geliştirilmeli",'Öğrenci Listesi'!G8))))),"")
A8: =IFERROR(IF('Öğrenci Listesi'!A9="","",'Öğrenci Listesi'!A9),"") | B8: =IFERROR(IF('Öğrenci Listesi'!B9="","",'Öğrenci Listesi'!B9),"") | C8: =IF(OR('Öğrenci Listesi'!B9="",R8=""),"",IF(R8="Çok İyi",CHOOSE(RANDBETWEEN(1,5),4,4,4,4,3),IF(R8="İyi",CHOOSE(RANDBETWEEN(1,5),3,3,3,4,2),IF(R8="Yeterli",CHOOSE(RANDBETWEEN(1,5),2,2,2,3,1),IF(R8="Geliştirilmeli",CHOOSE(RANDBETWEEN(1,5),1,1,1,1,2),""))))) | D8: =IF(OR('Öğrenci Listesi'!B9="",R8=""),"",IF(R8="Çok İyi",CHOOSE(RANDBETWEEN(1,5),4,4,4,4,3),IF(R8="İyi",CHOOSE(RANDBETWEEN(1,5),3,3,3,4,2),IF(R8="Yeterli",CHOOSE(RANDBETWEEN(1,5),2,2,2,3,1),IF(R8="Geliştirilmeli",CHOOSE(RANDBETWEEN(1,5),1,1,1,1,2),""))))) | E8: =IF(OR('Öğrenci Listesi'!B9="",R8=""),"",IF(R8="Çok İyi",CHOOSE(RANDBETWEEN(1,5),4,4,4,4,3),IF(R8="İyi",CHOOSE(RANDBETWEEN(1,5),3,3,3,4,2),IF(R8="Yeterli",CHOOSE(RANDBETWEEN(1,5),2,2,2,3,1),IF(R8="Geliştirilmeli",CHOOSE(RANDBETWEEN(1,5),1,1,1,1,2),""))))) | F8: =IF(OR('Öğrenci Listesi'!B9="",R8=""),"",IF(R8="Çok İyi",CHOOSE(RANDBETWEEN(1,5),4,4,4,4,3),IF(R8="İyi",CHOOSE(RANDBETWEEN(1,5),3,3,3,4,2),IF(R8="Yeterli",CHOOSE(RANDBETWEEN(1,5),2,2,2,3,1),IF(R8="Geliştirilmeli",CHOOSE(RANDBETWEEN(1,5),1,1,1,1,2),""))))) | G8: =IF(OR('Öğrenci Listesi'!B9="",R8=""),"",IF(R8="Çok İyi",CHOOSE(RANDBETWEEN(1,5),4,4,4,4,3),IF(R8="İyi",CHOOSE(RANDBETWEEN(1,5),3,3,3,4,2),IF(R8="Yeterli",CHOOSE(RANDBETWEEN(1,5),2,2,2,3,1),IF(R8="Geliştirilmeli",CHOOSE(RANDBETWEEN(1,5),1,1,1,1,2),""))))) | H8: =IF(OR('Öğrenci Listesi'!B9="",R8=""),"",IF(R8="Çok İyi",CHOOSE(RANDBETWEEN(1,5),4,4,4,4,3),IF(R8="İyi",CHOOSE(RANDBETWEEN(1,5),3,3,3,4,2),IF(R8="Yeterli",CHOOSE(RANDBETWEEN(1,5),2,2,2,3,1),IF(R8="Geliştirilmeli",CHOOSE(RANDBETWEEN(1,5),1,1,1,1,2),""))))) | I8: =IF(OR('Öğrenci Listesi'!B9="",R8=""),"",IF(R8="Çok İyi",CHOOSE(RANDBETWEEN(1,5),4,4,4,4,3),IF(R8="İyi",CHOOSE(RANDBETWEEN(1,5),3,3,3,4,2),IF(R8="Yeterli",CHOOSE(RANDBETWEEN(1,5),2,2,2,3,1),IF(R8="Geliştirilmeli",CHOOSE(RANDBETWEEN(1,5),1,1,1,1,2),""))))) | J8: =IF(OR('Öğrenci Listesi'!B9="",R8=""),"",IF(R8="Çok İyi",CHOOSE(RANDBETWEEN(1,5),4,4,4,4,3),IF(R8="İyi",CHOOSE(RANDBETWEEN(1,5),3,3,3,4,2),IF(R8="Yeterli",CHOOSE(RANDBETWEEN(1,5),2,2,2,3,1),IF(R8="Geliştirilmeli",CHOOSE(RANDBETWEEN(1,5),1,1,1,1,2),""))))) | K8: =IF(OR('Öğrenci Listesi'!B9="",R8=""),"",IF(R8="Çok İyi",CHOOSE(RANDBETWEEN(1,5),4,4,4,4,3),IF(R8="İyi",CHOOSE(RANDBETWEEN(1,5),3,3,3,4,2),IF(R8="Yeterli",CHOOSE(RANDBETWEEN(1,5),2,2,2,3,1),IF(R8="Geliştirilmeli",CHOOSE(RANDBETWEEN(1,5),1,1,1,1,2),""))))) | L8: =IF(OR('Öğrenci Listesi'!B9="",R8=""),"",IF(R8="Çok İyi",CHOOSE(RANDBETWEEN(1,5),4,4,4,4,3),IF(R8="İyi",CHOOSE(RANDBETWEEN(1,5),3,3,3,4,2),IF(R8="Yeterli",CHOOSE(RANDBETWEEN(1,5),2,2,2,3,1),IF(R8="Geliştirilmeli",CHOOSE(RANDBETWEEN(1,5),1,1,1,1,2),""))))) | M8: =IF(OR('Öğrenci Listesi'!B9="",R8=""),"",IF(R8="Çok İyi",CHOOSE(RANDBETWEEN(1,5),4,4,4,4,3),IF(R8="İyi",CHOOSE(RANDBETWEEN(1,5),3,3,3,4,2),IF(R8="Yeterli",CHOOSE(RANDBETWEEN(1,5),2,2,2,3,1),IF(R8="Geliştirilmeli",CHOOSE(RANDBETWEEN(1,5),1,1,1,1,2),""))))) | N8: =IF(OR('Öğrenci Listesi'!B9="",R8=""),"",IF(R8="Çok İyi",CHOOSE(RANDBETWEEN(1,5),4,4,4,4,3),IF(R8="İyi",CHOOSE(RANDBETWEEN(1,5),3,3,3,4,2),IF(R8="Yeterli",CHOOSE(RANDBETWEEN(1,5),2,2,2,3,1),IF(R8="Geliştirilmeli",CHOOSE(RANDBETWEEN(1,5),1,1,1,1,2),""))))) | O8: =IF(OR('Öğrenci Listesi'!B9="",R8=""),"",IF(R8="Çok İyi",CHOOSE(RANDBETWEEN(1,5),4,4,4,4,3),IF(R8="İyi",CHOOSE(RANDBETWEEN(1,5),3,3,3,4,2),IF(R8="Yeterli",CHOOSE(RANDBETWEEN(1,5),2,2,2,3,1),IF(R8="Geliştirilmeli",CHOOSE(RANDBETWEEN(1,5),1,1,1,1,2),""))))) | P8: =IF(OR('Öğrenci Listesi'!B9="",R8=""),"",IF(R8="Çok İyi",CHOOSE(RANDBETWEEN(1,5),4,4,4,4,3),IF(R8="İyi",CHOOSE(RANDBETWEEN(1,5),3,3,3,4,2),IF(R8="Yeterli",CHOOSE(RANDBETWEEN(1,5),2,2,2,3,1),IF(R8="Geliştirilmeli",CHOOSE(RANDBETWEEN(1,5),1,1,1,1,2),""))))) | Q8: =IF(OR('Öğrenci Listesi'!B9="",R8=""),"",ROUND(AVERAGE(C8:P8),2)) | R8: =IFERROR(IF('Öğrenci Listesi'!G9="","",IF(UPPER(TRIM('Öğrenci Listesi'!G9))="ÇOK İYİ","Çok İyi",IF(UPPER(TRIM('Öğrenci Listesi'!G9))="İYİ","İyi",IF(UPPER(TRIM('Öğrenci Listesi'!G9))="YETERLİ","Yeterli",IF(UPPER(TRIM('Öğrenci Listesi'!G9))="GELİŞTİRİLMELİ","Geliştirilmeli",'Öğrenci Listesi'!G9))))),"")
A9: =IFERROR(IF('Öğrenci Listesi'!A10="","",'Öğrenci Listesi'!A10),"") | B9: =IFERROR(IF('Öğrenci Listesi'!B10="","",'Öğrenci Listesi'!B10),"") | C9: =IF(OR('Öğrenci Listesi'!B10="",R9=""),"",IF(R9="Çok İyi",CHOOSE(RANDBETWEEN(1,5),4,4,4,4,3),IF(R9="İyi",CHOOSE(RANDBETWEEN(1,5),3,3,3,4,2),IF(R9="Yeterli",CHOOSE(RANDBETWEEN(1,5),2,2,2,3,1),IF(R9="Geliştirilmeli",CHOOSE(RANDBETWEEN(1,5),1,1,1,1,2),""))))) | D9: =IF(OR('Öğrenci Listesi'!B10="",R9=""),"",IF(R9="Çok İyi",CHOOSE(RANDBETWEEN(1,5),4,4,4,4,3),IF(R9="İyi",CHOOSE(RANDBETWEEN(1,5),3,3,3,4,2),IF(R9="Yeterli",CHOOSE(RANDBETWEEN(1,5),2,2,2,3,1),IF(R9="Geliştirilmeli",CHOOSE(RANDBETWEEN(1,5),1,1,1,1,2),""))))) | E9: =IF(OR('Öğrenci Listesi'!B10="",R9=""),"",IF(R9="Çok İyi",CHOOSE(RANDBETWEEN(1,5),4,4,4,4,3),IF(R9="İyi",CHOOSE(RANDBETWEEN(1,5),3,3,3,4,2),IF(R9="Yeterli",CHOOSE(RANDBETWEEN(1,5),2,2,2,3,1),IF(R9="Geliştirilmeli",CHOOSE(RANDBETWEEN(1,5),1,1,1,1,2),""))))) | F9: =IF(OR('Öğrenci Listesi'!B10="",R9=""),"",IF(R9="Çok İyi",CHOOSE(RANDBETWEEN(1,5),4,4,4,4,3),IF(R9="İyi",CHOOSE(RANDBETWEEN(1,5),3,3,3,4,2),IF(R9="Yeterli",CHOOSE(RANDBETWEEN(1,5),2,2,2,3,1),IF(R9="Geliştirilmeli",CHOOSE(RANDBETWEEN(1,5),1,1,1,1,2),""))))) | G9: =IF(OR('Öğrenci Listesi'!B10="",R9=""),"",IF(R9="Çok İyi",CHOOSE(RANDBETWEEN(1,5),4,4,4,4,3),IF(R9="İyi",CHOOSE(RANDBETWEEN(1,5),3,3,3,4,2),IF(R9="Yeterli",CHOOSE(RANDBETWEEN(1,5),2,2,2,3,1),IF(R9="Geliştirilmeli",CHOOSE(RANDBETWEEN(1,5),1,1,1,1,2),""))))) | H9: =IF(OR('Öğrenci Listesi'!B10="",R9=""),"",IF(R9="Çok İyi",CHOOSE(RANDBETWEEN(1,5),4,4,4,4,3),IF(R9="İyi",CHOOSE(RANDBETWEEN(1,5),3,3,3,4,2),IF(R9="Yeterli",CHOOSE(RANDBETWEEN(1,5),2,2,2,3,1),IF(R9="Geliştirilmeli",CHOOSE(RANDBETWEEN(1,5),1,1,1,1,2),""))))) | I9: =IF(OR('Öğrenci Listesi'!B10="",R9=""),"",IF(R9="Çok İyi",CHOOSE(RANDBETWEEN(1,5),4,4,4,4,3),IF(R9="İyi",CHOOSE(RANDBETWEEN(1,5),3,3,3,4,2),IF(R9="Yeterli",CHOOSE(RANDBETWEEN(1,5),2,2,2,3,1),IF(R9="Geliştirilmeli",CHOOSE(RANDBETWEEN(1,5),1,1,1,1,2),""))))) | J9: =IF(OR('Öğrenci Listesi'!B10="",R9=""),"",IF(R9="Çok İyi",CHOOSE(RANDBETWEEN(1,5),4,4,4,4,3),IF(R9="İyi",CHOOSE(RANDBETWEEN(1,5),3,3,3,4,2),IF(R9="Yeterli",CHOOSE(RANDBETWEEN(1,5),2,2,2,3,1),IF(R9="Geliştirilmeli",CHOOSE(RANDBETWEEN(1,5),1,1,1,1,2),""))))) | K9: =IF(OR('Öğrenci Listesi'!B10="",R9=""),"",IF(R9="Çok İyi",CHOOSE(RANDBETWEEN(1,5),4,4,4,4,3),IF(R9="İyi",CHOOSE(RANDBETWEEN(1,5),3,3,3,4,2),IF(R9="Yeterli",CHOOSE(RANDBETWEEN(1,5),2,2,2,3,1),IF(R9="Geliştirilmeli",CHOOSE(RANDBETWEEN(1,5),1,1,1,1,2),""))))) | L9: =IF(OR('Öğrenci Listesi'!B10="",R9=""),"",IF(R9="Çok İyi",CHOOSE(RANDBETWEEN(1,5),4,4,4,4,3),IF(R9="İyi",CHOOSE(RANDBETWEEN(1,5),3,3,3,4,2),IF(R9="Yeterli",CHOOSE(RANDBETWEEN(1,5),2,2,2,3,1),IF(R9="Geliştirilmeli",CHOOSE(RANDBETWEEN(1,5),1,1,1,1,2),""))))) | M9: =IF(OR('Öğrenci Listesi'!B10="",R9=""),"",IF(R9="Çok İyi",CHOOSE(RANDBETWEEN(1,5),4,4,4,4,3),IF(R9="İyi",CHOOSE(RANDBETWEEN(1,5),3,3,3,4,2),IF(R9="Yeterli",CHOOSE(RANDBETWEEN(1,5),2,2,2,3,1),IF(R9="Geliştirilmeli",CHOOSE(RANDBETWEEN(1,5),1,1,1,1,2),""))))) | N9: =IF(OR('Öğrenci Listesi'!B10="",R9=""),"",IF(R9="Çok İyi",CHOOSE(RANDBETWEEN(1,5),4,4,4,4,3),IF(R9="İyi",CHOOSE(RANDBETWEEN(1,5),3,3,3,4,2),IF(R9="Yeterli",CHOOSE(RANDBETWEEN(1,5),2,2,2,3,1),IF(R9="Geliştirilmeli",CHOOSE(RANDBETWEEN(1,5),1,1,1,1,2),""))))) | O9: =IF(OR('Öğrenci Listesi'!B10="",R9=""),"",IF(R9="Çok İyi",CHOOSE(RANDBETWEEN(1,5),4,4,4,4,3),IF(R9="İyi",CHOOSE(RANDBETWEEN(1,5),3,3,3,4,2),IF(R9="Yeterli",CHOOSE(RANDBETWEEN(1,5),2,2,2,3,1),IF(R9="Geliştirilmeli",CHOOSE(RANDBETWEEN(1,5),1,1,1,1,2),""))))) | P9: =IF(OR('Öğrenci Listesi'!B10="",R9=""),"",IF(R9="Çok İyi",CHOOSE(RANDBETWEEN(1,5),4,4,4,4,3),IF(R9="İyi",CHOOSE(RANDBETWEEN(1,5),3,3,3,4,2),IF(R9="Yeterli",CHOOSE(RANDBETWEEN(1,5),2,2,2,3,1),IF(R9="Geliştirilmeli",CHOOSE(RANDBETWEEN(1,5),1,1,1,1,2),""))))) | Q9: =IF(OR('Öğrenci Listesi'!B10="",R9=""),"",ROUND(AVERAGE(C9:P9),2)) | R9: =IFERROR(IF('Öğrenci Listesi'!G10="","",IF(UPPER(TRIM('Öğrenci Listesi'!G10))="ÇOK İYİ","Çok İyi",IF(UPPER(TRIM('Öğrenci Listesi'!G10))="İYİ","İyi",IF(UPPER(TRIM('Öğrenci Listesi'!G10))="YETERLİ","Yeterli",IF(UPPER(TRIM('Öğrenci Listesi'!G10))="GELİŞTİRİLMELİ","Geliştirilmeli",'Öğrenci Listesi'!G10))))),"")
A10: =IFERROR(IF('Öğrenci Listesi'!A11="","",'Öğrenci Listesi'!A11),"") | B10: =IFERROR(IF('Öğrenci Listesi'!B11="","",'Öğrenci Listesi'!B11),"") | C10: =IF(OR('Öğrenci Listesi'!B11="",R10=""),"",IF(R10="Çok İyi",CHOOSE(RANDBETWEEN(1,5),4,4,4,4,3),IF(R10="İyi",CHOOSE(RANDBETWEEN(1,5),3,3,3,4,2),IF(R10="Yeterli",CHOOSE(RANDBETWEEN(1,5),2,2,2,3,1),IF(R10="Geliştirilmeli",CHOOSE(RANDBETWEEN(1,5),1,1,1,1,2),""))))) | D10: =IF(OR('Öğrenci Listesi'!B11="",R10=""),"",IF(R10="Çok İyi",CHOOSE(RANDBETWEEN(1,5),4,4,4,4,3),IF(R10="İyi",CHOOSE(RANDBETWEEN(1,5),3,3,3,4,2),IF(R10="Yeterli",CHOOSE(RANDBETWEEN(1,5),2,2,2,3,1),IF(R10="Geliştirilmeli",CHOOSE(RANDBETWEEN(1,5),1,1,1,1,2),""))))) | E10: =IF(OR('Öğrenci Listesi'!B11="",R10=""),"",IF(R10="Çok İyi",CHOOSE(RANDBETWEEN(1,5),4,4,4,4,3),IF(R10="İyi",CHOOSE(RANDBETWEEN(1,5),3,3,3,4,2),IF(R10="Yeterli",CHOOSE(RANDBETWEEN(1,5),2,2,2,3,1),IF(R10="Geliştirilmeli",CHOOSE(RANDBETWEEN(1,5),1,1,1,1,2),""))))) | F10: =IF(OR('Öğrenci Listesi'!B11="",R10=""),"",IF(R10="Çok İyi",CHOOSE(RANDBETWEEN(1,5),4,4,4,4,3),IF(R10="İyi",CHOOSE(RANDBETWEEN(1,5),3,3,3,4,2),IF(R10="Yeterli",CHOOSE(RANDBETWEEN(1,5),2,2,2,3,1),IF(R10="Geliştirilmeli",CHOOSE(RANDBETWEEN(1,5),1,1,1,1,2),""))))) | G10: =IF(OR('Öğrenci Listesi'!B11="",R10=""),"",IF(R10="Çok İyi",CHOOSE(RANDBETWEEN(1,5),4,4,4,4,3),IF(R10="İyi",CHOOSE(RANDBETWEEN(1,5),3,3,3,4,2),IF(R10="Yeterli",CHOOSE(RANDBETWEEN(1,5),2,2,2,3,1),IF(R10="Geliştirilmeli",CHOOSE(RANDBETWEEN(1,5),1,1,1,1,2),""))))) | H10: =IF(OR('Öğrenci Listesi'!B11="",R10=""),"",IF(R10="Çok İyi",CHOOSE(RANDBETWEEN(1,5),4,4,4,4,3),IF(R10="İyi",CHOOSE(RANDBETWEEN(1,5),3,3,3,4,2),IF(R10="Yeterli",CHOOSE(RANDBETWEEN(1,5),2,2,2,3,1),IF(R10="Geliştirilmeli",CHOOSE(RANDBETWEEN(1,5),1,1,1,1,2),""))))) | I10: =IF(OR('Öğrenci Listesi'!B11="",R10=""),"",IF(R10="Çok İyi",CHOOSE(RANDBETWEEN(1,5),4,4,4,4,3),IF(R10="İyi",CHOOSE(RANDBETWEEN(1,5),3,3,3,4,2),IF(R10="Yeterli",CHOOSE(RANDBETWEEN(1,5),2,2,2,3,1),IF(R10="Geliştirilmeli",CHOOSE(RANDBETWEEN(1,5),1,1,1,1,2),""))))) | J10: =IF(OR('Öğrenci Listesi'!B11="",R10=""),"",IF(R10="Çok İyi",CHOOSE(RANDBETWEEN(1,5),4,4,4,4,3),IF(R10="İyi",CHOOSE(RANDBETWEEN(1,5),3,3,3,4,2),IF(R10="Yeterli",CHOOSE(RANDBETWEEN(1,5),2,2,2,3,1),IF(R10="Geliştirilmeli",CHOOSE(RANDBETWEEN(1,5),1,1,1,1,2),""))))) | K10: =IF(OR('Öğrenci Listesi'!B11="",R10=""),"",IF(R10="Çok İyi",CHOOSE(RANDBETWEEN(1,5),4,4,4,4,3),IF(R10="İyi",CHOOSE(RANDBETWEEN(1,5),3,3,3,4,2),IF(R10="Yeterli",CHOOSE(RANDBETWEEN(1,5),2,2,2,3,1),IF(R10="Geliştirilmeli",CHOOSE(RANDBETWEEN(1,5),1,1,1,1,2),""))))) | L10: =IF(OR('Öğrenci Listesi'!B11="",R10=""),"",IF(R10="Çok İyi",CHOOSE(RANDBETWEEN(1,5),4,4,4,4,3),IF(R10="İyi",CHOOSE(RANDBETWEEN(1,5),3,3,3,4,2),IF(R10="Yeterli",CHOOSE(RANDBETWEEN(1,5),2,2,2,3,1),IF(R10="Geliştirilmeli",CHOOSE(RANDBETWEEN(1,5),1,1,1,1,2),""))))) | M10: =IF(OR('Öğrenci Listesi'!B11="",R10=""),"",IF(R10="Çok İyi",CHOOSE(RANDBETWEEN(1,5),4,4,4,4,3),IF(R10="İyi",CHOOSE(RANDBETWEEN(1,5),3,3,3,4,2),IF(R10="Yeterli",CHOOSE(RANDBETWEEN(1,5),2,2,2,3,1),IF(R10="Geliştirilmeli",CHOOSE(RANDBETWEEN(1,5),1,1,1,1,2),""))))) | N10: =IF(OR('Öğrenci Listesi'!B11="",R10=""),"",IF(R10="Çok İyi",CHOOSE(RANDBETWEEN(1,5),4,4,4,4,3),IF(R10="İyi",CHOOSE(RANDBETWEEN(1,5),3,3,3,4,2),IF(R10="Yeterli",CHOOSE(RANDBETWEEN(1,5),2,2,2,3,1),IF(R10="Geliştirilmeli",CHOOSE(RANDBETWEEN(1,5),1,1,1,1,2),""))))) | O10: =IF(OR('Öğrenci Listesi'!B11="",R10=""),"",IF(R10="Çok İyi",CHOOSE(RANDBETWEEN(1,5),4,4,4,4,3),IF(R10="İyi",CHOOSE(RANDBETWEEN(1,5),3,3,3,4,2),IF(R10="Yeterli",CHOOSE(RANDBETWEEN(1,5),2,2,2,3,1),IF(R10="Geliştirilmeli",CHOOSE(RANDBETWEEN(1,5),1,1,1,1,2),""))))) | P10: =IF(OR('Öğrenci Listesi'!B11="",R10=""),"",IF(R10="Çok İyi",CHOOSE(RANDBETWEEN(1,5),4,4,4,4,3),IF(R10="İyi",CHOOSE(RANDBETWEEN(1,5),3,3,3,4,2),IF(R10="Yeterli",CHOOSE(RANDBETWEEN(1,5),2,2,2,3,1),IF(R10="Geliştirilmeli",CHOOSE(RANDBETWEEN(1,5),1,1,1,1,2),""))))) | Q10: =IF(OR('Öğrenci Listesi'!B11="",R10=""),"",ROUND(AVERAGE(C10:P10),2)) | R10: =IFERROR(IF('Öğrenci Listesi'!G11="","",IF(UPPER(TRIM('Öğrenci Listesi'!G11))="ÇOK İYİ","Çok İyi",IF(UPPER(TRIM('Öğrenci Listesi'!G11))="İYİ","İyi",IF(UPPER(TRIM('Öğrenci Listesi'!G11))="YETERLİ","Yeterli",IF(UPPER(TRIM('Öğrenci Listesi'!G11))="GELİŞTİRİLMELİ","Geliştirilmeli",'Öğrenci Listesi'!G11))))),"")
A11: =IFERROR(IF('Öğrenci Listesi'!A12="","",'Öğrenci Listesi'!A12),"") | B11: =IFERROR(IF('Öğrenci Listesi'!B12="","",'Öğrenci Listesi'!B12),"") | C11: =IF(OR('Öğrenci Listesi'!B12="",R11=""),"",IF(R11="Çok İyi",CHOOSE(RANDBETWEEN(1,5),4,4,4,4,3),IF(R11="İyi",CHOOSE(RANDBETWEEN(1,5),3,3,3,4,2),IF(R11="Yeterli",CHOOSE(RANDBETWEEN(1,5),2,2,2,3,1),IF(R11="Geliştirilmeli",CHOOSE(RANDBETWEEN(1,5),1,1,1,1,2),""))))) | D11: =IF(OR('Öğrenci Listesi'!B12="",R11=""),"",IF(R11="Çok İyi",CHOOSE(RANDBETWEEN(1,5),4,4,4,4,3),IF(R11="İyi",CHOOSE(RANDBETWEEN(1,5),3,3,3,4,2),IF(R11="Yeterli",CHOOSE(RANDBETWEEN(1,5),2,2,2,3,1),IF(R11="Geliştirilmeli",CHOOSE(RANDBETWEEN(1,5),1,1,1,1,2),""))))) | E11: =IF(OR('Öğrenci Listesi'!B12="",R11=""),"",IF(R11="Çok İyi",CHOOSE(RANDBETWEEN(1,5),4,4,4,4,3),IF(R11="İyi",CHOOSE(RANDBETWEEN(1,5),3,3,3,4,2),IF(R11="Yeterli",CHOOSE(RANDBETWEEN(1,5),2,2,2,3,1),IF(R11="Geliştirilmeli",CHOOSE(RANDBETWEEN(1,5),1,1,1,1,2),""))))) | F11: =IF(OR('Öğrenci Listesi'!B12="",R11=""),"",IF(R11="Çok İyi",CHOOSE(RANDBETWEEN(1,5),4,4,4,4,3),IF(R11="İyi",CHOOSE(RANDBETWEEN(1,5),3,3,3,4,2),IF(R11="Yeterli",CHOOSE(RANDBETWEEN(1,5),2,2,2,3,1),IF(R11="Geliştirilmeli",CHOOSE(RANDBETWEEN(1,5),1,1,1,1,2),""))))) | G11: =IF(OR('Öğrenci Listesi'!B12="",R11=""),"",IF(R11="Çok İyi",CHOOSE(RANDBETWEEN(1,5),4,4,4,4,3),IF(R11="İyi",CHOOSE(RANDBETWEEN(1,5),3,3,3,4,2),IF(R11="Yeterli",CHOOSE(RANDBETWEEN(1,5),2,2,2,3,1),IF(R11="Geliştirilmeli",CHOOSE(RANDBETWEEN(1,5),1,1,1,1,2),""))))) | H11: =IF(OR('Öğrenci Listesi'!B12="",R11=""),"",IF(R11="Çok İyi",CHOOSE(RANDBETWEEN(1,5),4,4,4,4,3),IF(R11="İyi",CHOOSE(RANDBETWEEN(1,5),3,3,3,4,2),IF(R11="Yeterli",CHOOSE(RANDBETWEEN(1,5),2,2,2,3,1),IF(R11="Geliştirilmeli",CHOOSE(RANDBETWEEN(1,5),1,1,1,1,2),""))))) | I11: =IF(OR('Öğrenci Listesi'!B12="",R11=""),"",IF(R11="Çok İyi",CHOOSE(RANDBETWEEN(1,5),4,4,4,4,3),IF(R11="İyi",CHOOSE(RANDBETWEEN(1,5),3,3,3,4,2),IF(R11="Yeterli",CHOOSE(RANDBETWEEN(1,5),2,2,2,3,1),IF(R11="Geliştirilmeli",CHOOSE(RANDBETWEEN(1,5),1,1,1,1,2),""))))) | J11: =IF(OR('Öğrenci Listesi'!B12="",R11=""),"",IF(R11="Çok İyi",CHOOSE(RANDBETWEEN(1,5),4,4,4,4,3),IF(R11="İyi",CHOOSE(RANDBETWEEN(1,5),3,3,3,4,2),IF(R11="Yeterli",CHOOSE(RANDBETWEEN(1,5),2,2,2,3,1),IF(R11="Geliştirilmeli",CHOOSE(RANDBETWEEN(1,5),1,1,1,1,2),""))))) | K11: =IF(OR('Öğrenci Listesi'!B12="",R11=""),"",IF(R11="Çok İyi",CHOOSE(RANDBETWEEN(1,5),4,4,4,4,3),IF(R11="İyi",CHOOSE(RANDBETWEEN(1,5),3,3,3,4,2),IF(R11="Yeterli",CHOOSE(RANDBETWEEN(1,5),2,2,2,3,1),IF(R11="Geliştirilmeli",CHOOSE(RANDBETWEEN(1,5),1,1,1,1,2),""))))) | L11: =IF(OR('Öğrenci Listesi'!B12="",R11=""),"",IF(R11="Çok İyi",CHOOSE(RANDBETWEEN(1,5),4,4,4,4,3),IF(R11="İyi",CHOOSE(RANDBETWEEN(1,5),3,3,3,4,2),IF(R11="Yeterli",CHOOSE(RANDBETWEEN(1,5),2,2,2,3,1),IF(R11="Geliştirilmeli",CHOOSE(RANDBETWEEN(1,5),1,1,1,1,2),""))))) | M11: =IF(OR('Öğrenci Listesi'!B12="",R11=""),"",IF(R11="Çok İyi",CHOOSE(RANDBETWEEN(1,5),4,4,4,4,3),IF(R11="İyi",CHOOSE(RANDBETWEEN(1,5),3,3,3,4,2),IF(R11="Yeterli",CHOOSE(RANDBETWEEN(1,5),2,2,2,3,1),IF(R11="Geliştirilmeli",CHOOSE(RANDBETWEEN(1,5),1,1,1,1,2),""))))) | N11: =IF(OR('Öğrenci Listesi'!B12="",R11=""),"",IF(R11="Çok İyi",CHOOSE(RANDBETWEEN(1,5),4,4,4,4,3),IF(R11="İyi",CHOOSE(RANDBETWEEN(1,5),3,3,3,4,2),IF(R11="Yeterli",CHOOSE(RANDBETWEEN(1,5),2,2,2,3,1),IF(R11="Geliştirilmeli",CHOOSE(RANDBETWEEN(1,5),1,1,1,1,2),""))))) | O11: =IF(OR('Öğrenci Listesi'!B12="",R11=""),"",IF(R11="Çok İyi",CHOOSE(RANDBETWEEN(1,5),4,4,4,4,3),IF(R11="İyi",CHOOSE(RANDBETWEEN(1,5),3,3,3,4,2),IF(R11="Yeterli",CHOOSE(RANDBETWEEN(1,5),2,2,2,3,1),IF(R11="Geliştirilmeli",CHOOSE(RANDBETWEEN(1,5),1,1,1,1,2),""))))) | P11: =IF(OR('Öğrenci Listesi'!B12="",R11=""),"",IF(R11="Çok İyi",CHOOSE(RANDBETWEEN(1,5),4,4,4,4,3),IF(R11="İyi",CHOOSE(RANDBETWEEN(1,5),3,3,3,4,2),IF(R11="Yeterli",CHOOSE(RANDBETWEEN(1,5),2,2,2,3,1),IF(R11="Geliştirilmeli",CHOOSE(RANDBETWEEN(1,5),1,1,1,1,2),""))))) | Q11: =IF(OR('Öğrenci Listesi'!B12="",R11=""),"",ROUND(AVERAGE(C11:P11),2)) | R11: =IFERROR(IF('Öğrenci Listesi'!G12="","",IF(UPPER(TRIM('Öğrenci Listesi'!G12))="ÇOK İYİ","Çok İyi",IF(UPPER(TRIM('Öğrenci Listesi'!G12))="İYİ","İyi",IF(UPPER(TRIM('Öğrenci Listesi'!G12))="YETERLİ","Yeterli",IF(UPPER(TRIM('Öğrenci Listesi'!G12))="GELİŞTİRİLMELİ","Geliştirilmeli",'Öğrenci Listesi'!G12))))),"")
A12: =IFERROR(IF('Öğrenci Listesi'!A13="","",'Öğrenci Listesi'!A13),"") | B12: =IFERROR(IF('Öğrenci Listesi'!B13="","",'Öğrenci Listesi'!B13),"") | C12: =IF(OR('Öğrenci Listesi'!B13="",R12=""),"",IF(R12="Çok İyi",CHOOSE(RANDBETWEEN(1,5),4,4,4,4,3),IF(R12="İyi",CHOOSE(RANDBETWEEN(1,5),3,3,3,4,2),IF(R12="Yeterli",CHOOSE(RANDBETWEEN(1,5),2,2,2,3,1),IF(R12="Geliştirilmeli",CHOOSE(RANDBETWEEN(1,5),1,1,1,1,2),""))))) | D12: =IF(OR('Öğrenci Listesi'!B13="",R12=""),"",IF(R12="Çok İyi",CHOOSE(RANDBETWEEN(1,5),4,4,4,4,3),IF(R12="İyi",CHOOSE(RANDBETWEEN(1,5),3,3,3,4,2),IF(R12="Yeterli",CHOOSE(RANDBETWEEN(1,5),2,2,2,3,1),IF(R12="Geliştirilmeli",CHOOSE(RANDBETWEEN(1,5),1,1,1,1,2),""))))) | E12: =IF(OR('Öğrenci Listesi'!B13="",R12=""),"",IF(R12="Çok İyi",CHOOSE(RANDBETWEEN(1,5),4,4,4,4,3),IF(R12="İyi",CHOOSE(RANDBETWEEN(1,5),3,3,3,4,2),IF(R12="Yeterli",CHOOSE(RANDBETWEEN(1,5),2,2,2,3,1),IF(R12="Geliştirilmeli",CHOOSE(RANDBETWEEN(1,5),1,1,1,1,2),""))))) | F12: =IF(OR('Öğrenci Listesi'!B13="",R12=""),"",IF(R12="Çok İyi",CHOOSE(RANDBETWEEN(1,5),4,4,4,4,3),IF(R12="İyi",CHOOSE(RANDBETWEEN(1,5),3,3,3,4,2),IF(R12="Yeterli",CHOOSE(RANDBETWEEN(1,5),2,2,2,3,1),IF(R12="Geliştirilmeli",CHOOSE(RANDBETWEEN(1,5),1,1,1,1,2),""))))) | G12: =IF(OR('Öğrenci Listesi'!B13="",R12=""),"",IF(R12="Çok İyi",CHOOSE(RANDBETWEEN(1,5),4,4,4,4,3),IF(R12="İyi",CHOOSE(RANDBETWEEN(1,5),3,3,3,4,2),IF(R12="Yeterli",CHOOSE(RANDBETWEEN(1,5),2,2,2,3,1),IF(R12="Geliştirilmeli",CHOOSE(RANDBETWEEN(1,5),1,1,1,1,2),""))))) | H12: =IF(OR('Öğrenci Listesi'!B13="",R12=""),"",IF(R12="Çok İyi",CHOOSE(RANDBETWEEN(1,5),4,4,4,4,3),IF(R12="İyi",CHOOSE(RANDBETWEEN(1,5),3,3,3,4,2),IF(R12="Yeterli",CHOOSE(RANDBETWEEN(1,5),2,2,2,3,1),IF(R12="Geliştirilmeli",CHOOSE(RANDBETWEEN(1,5),1,1,1,1,2),""))))) | I12: =IF(OR('Öğrenci Listesi'!B13="",R12=""),"",IF(R12="Çok İyi",CHOOSE(RANDBETWEEN(1,5),4,4,4,4,3),IF(R12="İyi",CHOOSE(RANDBETWEEN(1,5),3,3,3,4,2),IF(R12="Yeterli",CHOOSE(RANDBETWEEN(1,5),2,2,2,3,1),IF(R12="Geliştirilmeli",CHOOSE(RANDBETWEEN(1,5),1,1,1,1,2),""))))) | J12: =IF(OR('Öğrenci Listesi'!B13="",R12=""),"",IF(R12="Çok İyi",CHOOSE(RANDBETWEEN(1,5),4,4,4,4,3),IF(R12="İyi",CHOOSE(RANDBETWEEN(1,5),3,3,3,4,2),IF(R12="Yeterli",CHOOSE(RANDBETWEEN(1,5),2,2,2,3,1),IF(R12="Geliştirilmeli",CHOOSE(RANDBETWEEN(1,5),1,1,1,1,2),""))))) | K12: =IF(OR('Öğrenci Listesi'!B13="",R12=""),"",IF(R12="Çok İyi",CHOOSE(RANDBETWEEN(1,5),4,4,4,4,3),IF(R12="İyi",CHOOSE(RANDBETWEEN(1,5),3,3,3,4,2),IF(R12="Yeterli",CHOOSE(RANDBETWEEN(1,5),2,2,2,3,1),IF(R12="Geliştirilmeli",CHOOSE(RANDBETWEEN(1,5),1,1,1,1,2),""))))) | L12: =IF(OR('Öğrenci Listesi'!B13="",R12=""),"",IF(R12="Çok İyi",CHOOSE(RANDBETWEEN(1,5),4,4,4,4,3),IF(R12="İyi",CHOOSE(RANDBETWEEN(1,5),3,3,3,4,2),IF(R12="Yeterli",CHOOSE(RANDBETWEEN(1,5),2,2,2,3,1),IF(R12="Geliştirilmeli",CHOOSE(RANDBETWEEN(1,5),1,1,1,1,2),""))))) | M12: =IF(OR('Öğrenci Listesi'!B13="",R12=""),"",IF(R12="Çok İyi",CHOOSE(RANDBETWEEN(1,5),4,4,4,4,3),IF(R12="İyi",CHOOSE(RANDBETWEEN(1,5),3,3,3,4,2),IF(R12="Yeterli",CHOOSE(RANDBETWEEN(1,5),2,2,2,3,1),IF(R12="Geliştirilmeli",CHOOSE(RANDBETWEEN(1,5),1,1,1,1,2),""))))) | N12: =IF(OR('Öğrenci Listesi'!B13="",R12=""),"",IF(R12="Çok İyi",CHOOSE(RANDBETWEEN(1,5),4,4,4,4,3),IF(R12="İyi",CHOOSE(RANDBETWEEN(1,5),3,3,3,4,2),IF(R12="Yeterli",CHOOSE(RANDBETWEEN(1,5),2,2,2,3,1),IF(R12="Geliştirilmeli",CHOOSE(RANDBETWEEN(1,5),1,1,1,1,2),""))))) | O12: =IF(OR('Öğrenci Listesi'!B13="",R12=""),"",IF(R12="Çok İyi",CHOOSE(RANDBETWEEN(1,5),4,4,4,4,3),IF(R12="İyi",CHOOSE(RANDBETWEEN(1,5),3,3,3,4,2),IF(R12="Yeterli",CHOOSE(RANDBETWEEN(1,5),2,2,2,3,1),IF(R12="Geliştirilmeli",CHOOSE(RANDBETWEEN(1,5),1,1,1,1,2),""))))) | P12: =IF(OR('Öğrenci Listesi'!B13="",R12=""),"",IF(R12="Çok İyi",CHOOSE(RANDBETWEEN(1,5),4,4,4,4,3),IF(R12="İyi",CHOOSE(RANDBETWEEN(1,5),3,3,3,4,2),IF(R12="Yeterli",CHOOSE(RANDBETWEEN(1,5),2,2,2,3,1),IF(R12="Geliştirilmeli",CHOOSE(RANDBETWEEN(1,5),1,1,1,1,2),""))))) | Q12: =IF(OR('Öğrenci Listesi'!B13="",R12=""),"",ROUND(AVERAGE(C12:P12),2)) | R12: =IFERROR(IF('Öğrenci Listesi'!G13="","",IF(UPPER(TRIM('Öğrenci Listesi'!G13))="ÇOK İYİ","Çok İyi",IF(UPPER(TRIM('Öğrenci Listesi'!G13))="İYİ","İyi",IF(UPPER(TRIM('Öğrenci Listesi'!G13))="YETERLİ","Yeterli",IF(UPPER(TRIM('Öğrenci Listesi'!G13))="GELİŞTİRİLMELİ","Geliştirilmeli",'Öğrenci Listesi'!G13))))),"")
A13: =IFERROR(IF('Öğrenci Listesi'!A14="","",'Öğrenci Listesi'!A14),"") | B13: =IFERROR(IF('Öğrenci Listesi'!B14="","",'Öğrenci Listesi'!B14),"") | C13: =IF(OR('Öğrenci Listesi'!B14="",R13=""),"",IF(R13="Çok İyi",CHOOSE(RANDBETWEEN(1,5),4,4,4,4,3),IF(R13="İyi",CHOOSE(RANDBETWEEN(1,5),3,3,3,4,2),IF(R13="Yeterli",CHOOSE(RANDBETWEEN(1,5),2,2,2,3,1),IF(R13="Geliştirilmeli",CHOOSE(RANDBETWEEN(1,5),1,1,1,1,2),""))))) | D13: =IF(OR('Öğrenci Listesi'!B14="",R13=""),"",IF(R13="Çok İyi",CHOOSE(RANDBETWEEN(1,5),4,4,4,4,3),IF(R13="İyi",CHOOSE(RANDBETWEEN(1,5),3,3,3,4,2),IF(R13="Yeterli",CHOOSE(RANDBETWEEN(1,5),2,2,2,3,1),IF(R13="Geliştirilmeli",CHOOSE(RANDBETWEEN(1,5),1,1,1,1,2),""))))) | E13: =IF(OR('Öğrenci Listesi'!B14="",R13=""),"",IF(R13="Çok İyi",CHOOSE(RANDBETWEEN(1,5),4,4,4,4,3),IF(R13="İyi",CHOOSE(RANDBETWEEN(1,5),3,3,3,4,2),IF(R13="Yeterli",CHOOSE(RANDBETWEEN(1,5),2,2,2,3,1),IF(R13="Geliştirilmeli",CHOOSE(RANDBETWEEN(1,5),1,1,1,1,2),""))))) | F13: =IF(OR('Öğrenci Listesi'!B14="",R13=""),"",IF(R13="Çok İyi",CHOOSE(RANDBETWEEN(1,5),4,4,4,4,3),IF(R13="İyi",CHOOSE(RANDBETWEEN(1,5),3,3,3,4,2),IF(R13="Yeterli",CHOOSE(RANDBETWEEN(1,5),2,2,2,3,1),IF(R13="Geliştirilmeli",CHOOSE(RANDBETWEEN(1,5),1,1,1,1,2),""))))) | G13: =IF(OR('Öğrenci Listesi'!B14="",R13=""),"",IF(R13="Çok İyi",CHOOSE(RANDBETWEEN(1,5),4,4,4,4,3),IF(R13="İyi",CHOOSE(RANDBETWEEN(1,5),3,3,3,4,2),IF(R13="Yeterli",CHOOSE(RANDBETWEEN(1,5),2,2,2,3,1),IF(R13="Geliştirilmeli",CHOOSE(RANDBETWEEN(1,5),1,1,1,1,2),""))))) | H13: =IF(OR('Öğrenci Listesi'!B14="",R13=""),"",IF(R13="Çok İyi",CHOOSE(RANDBETWEEN(1,5),4,4,4,4,3),IF(R13="İyi",CHOOSE(RANDBETWEEN(1,5),3,3,3,4,2),IF(R13="Yeterli",CHOOSE(RANDBETWEEN(1,5),2,2,2,3,1),IF(R13="Geliştirilmeli",CHOOSE(RANDBETWEEN(1,5),1,1,1,1,2),""))))) | I13: =IF(OR('Öğrenci Listesi'!B14="",R13=""),"",IF(R13="Çok İyi",CHOOSE(RANDBETWEEN(1,5),4,4,4,4,3),IF(R13="İyi",CHOOSE(RANDBETWEEN(1,5),3,3,3,4,2),IF(R13="Yeterli",CHOOSE(RANDBETWEEN(1,5),2,2,2,3,1),IF(R13="Geliştirilmeli",CHOOSE(RANDBETWEEN(1,5),1,1,1,1,2),""))))) | J13: =IF(OR('Öğrenci Listesi'!B14="",R13=""),"",IF(R13="Çok İyi",CHOOSE(RANDBETWEEN(1,5),4,4,4,4,3),IF(R13="İyi",CHOOSE(RANDBETWEEN(1,5),3,3,3,4,2),IF(R13="Yeterli",CHOOSE(RANDBETWEEN(1,5),2,2,2,3,1),IF(R13="Geliştirilmeli",CHOOSE(RANDBETWEEN(1,5),1,1,1,1,2),""))))) | K13: =IF(OR('Öğrenci Listesi'!B14="",R13=""),"",IF(R13="Çok İyi",CHOOSE(RANDBETWEEN(1,5),4,4,4,4,3),IF(R13="İyi",CHOOSE(RANDBETWEEN(1,5),3,3,3,4,2),IF(R13="Yeterli",CHOOSE(RANDBETWEEN(1,5),2,2,2,3,1),IF(R13="Geliştirilmeli",CHOOSE(RANDBETWEEN(1,5),1,1,1,1,2),""))))) | L13: =IF(OR('Öğrenci Listesi'!B14="",R13=""),"",IF(R13="Çok İyi",CHOOSE(RANDBETWEEN(1,5),4,4,4,4,3),IF(R13="İyi",CHOOSE(RANDBETWEEN(1,5),3,3,3,4,2),IF(R13="Yeterli",CHOOSE(RANDBETWEEN(1,5),2,2,2,3,1),IF(R13="Geliştirilmeli",CHOOSE(RANDBETWEEN(1,5),1,1,1,1,2),""))))) | M13: =IF(OR('Öğrenci Listesi'!B14="",R13=""),"",IF(R13="Çok İyi",CHOOSE(RANDBETWEEN(1,5),4,4,4,4,3),IF(R13="İyi",CHOOSE(RANDBETWEEN(1,5),3,3,3,4,2),IF(R13="Yeterli",CHOOSE(RANDBETWEEN(1,5),2,2,2,3,1),IF(R13="Geliştirilmeli",CHOOSE(RANDBETWEEN(1,5),1,1,1,1,2),""))))) | N13: =IF(OR('Öğrenci Listesi'!B14="",R13=""),"",IF(R13="Çok İyi",CHOOSE(RANDBETWEEN(1,5),4,4,4,4,3),IF(R13="İyi",CHOOSE(RANDBETWEEN(1,5),3,3,3,4,2),IF(R13="Yeterli",CHOOSE(RANDBETWEEN(1,5),2,2,2,3,1),IF(R13="Geliştirilmeli",CHOOSE(RANDBETWEEN(1,5),1,1,1,1,2),""))))) | O13: =IF(OR('Öğrenci Listesi'!B14="",R13=""),"",IF(R13="Çok İyi",CHOOSE(RANDBETWEEN(1,5),4,4,4,4,3),IF(R13="İyi",CHOOSE(RANDBETWEEN(1,5),3,3,3,4,2),IF(R13="Yeterli",CHOOSE(RANDBETWEEN(1,5),2,2,2,3,1),IF(R13="Geliştirilmeli",CHOOSE(RANDBETWEEN(1,5),1,1,1,1,2),""))))) | P13: =IF(OR('Öğrenci Listesi'!B14="",R13=""),"",IF(R13="Çok İyi",CHOOSE(RANDBETWEEN(1,5),4,4,4,4,3),IF(R13="İyi",CHOOSE(RANDBETWEEN(1,5),3,3,3,4,2),IF(R13="Yeterli",CHOOSE(RANDBETWEEN(1,5),2,2,2,3,1),IF(R13="Geliştirilmeli",CHOOSE(RANDBETWEEN(1,5),1,1,1,1,2),""))))) | Q13: =IF(OR('Öğrenci Listesi'!B14="",R13=""),"",ROUND(AVERAGE(C13:P13),2)) | R13: =IFERROR(IF('Öğrenci Listesi'!G14="","",IF(UPPER(TRIM('Öğrenci Listesi'!G14))="ÇOK İYİ","Çok İyi",IF(UPPER(TRIM('Öğrenci Listesi'!G14))="İYİ","İyi",IF(UPPER(TRIM('Öğrenci Listesi'!G14))="YETERLİ","Yeterli",IF(UPPER(TRIM('Öğrenci Listesi'!G14))="GELİŞTİRİLMELİ","Geliştirilmeli",'Öğrenci Listesi'!G14))))),"")
A14: =IFERROR(IF('Öğrenci Listesi'!A15="","",'Öğrenci Listesi'!A15),"") | B14: =IFERROR(IF('Öğrenci Listesi'!B15="","",'Öğrenci Listesi'!B15),"") | C14: =IF(OR('Öğrenci Listesi'!B15="",R14=""),"",IF(R14="Çok İyi",CHOOSE(RANDBETWEEN(1,5),4,4,4,4,3),IF(R14="İyi",CHOOSE(RANDBETWEEN(1,5),3,3,3,4,2),IF(R14="Yeterli",CHOOSE(RANDBETWEEN(1,5),2,2,2,3,1),IF(R14="Geliştirilmeli",CHOOSE(RANDBETWEEN(1,5),1,1,1,1,2),""))))) | D14: =IF(OR('Öğrenci Listesi'!B15="",R14=""),"",IF(R14="Çok İyi",CHOOSE(RANDBETWEEN(1,5),4,4,4,4,3),IF(R14="İyi",CHOOSE(RANDBETWEEN(1,5),3,3,3,4,2),IF(R14="Yeterli",CHOOSE(RANDBETWEEN(1,5),2,2,2,3,1),IF(R14="Geliştirilmeli",CHOOSE(RANDBETWEEN(1,5),1,1,1,1,2),""))))) | E14: =IF(OR('Öğrenci Listesi'!B15="",R14=""),"",IF(R14="Çok İyi",CHOOSE(RANDBETWEEN(1,5),4,4,4,4,3),IF(R14="İyi",CHOOSE(RANDBETWEEN(1,5),3,3,3,4,2),IF(R14="Yeterli",CHOOSE(RANDBETWEEN(1,5),2,2,2,3,1),IF(R14="Geliştirilmeli",CHOOSE(RANDBETWEEN(1,5),1,1,1,1,2),""))))) | F14: =IF(OR('Öğrenci Listesi'!B15="",R14=""),"",IF(R14="Çok İyi",CHOOSE(RANDBETWEEN(1,5),4,4,4,4,3),IF(R14="İyi",CHOOSE(RANDBETWEEN(1,5),3,3,3,4,2),IF(R14="Yeterli",CHOOSE(RANDBETWEEN(1,5),2,2,2,3,1),IF(R14="Geliştirilmeli",CHOOSE(RANDBETWEEN(1,5),1,1,1,1,2),""))))) | G14: =IF(OR('Öğrenci Listesi'!B15="",R14=""),"",IF(R14="Çok İyi",CHOOSE(RANDBETWEEN(1,5),4,4,4,4,3),IF(R14="İyi",CHOOSE(RANDBETWEEN(1,5),3,3,3,4,2),IF(R14="Yeterli",CHOOSE(RANDBETWEEN(1,5),2,2,2,3,1),IF(R14="Geliştirilmeli",CHOOSE(RANDBETWEEN(1,5),1,1,1,1,2),""))))) | H14: =IF(OR('Öğrenci Listesi'!B15="",R14=""),"",IF(R14="Çok İyi",CHOOSE(RANDBETWEEN(1,5),4,4,4,4,3),IF(R14="İyi",CHOOSE(RANDBETWEEN(1,5),3,3,3,4,2),IF(R14="Yeterli",CHOOSE(RANDBETWEEN(1,5),2,2,2,3,1),IF(R14="Geliştirilmeli",CHOOSE(RANDBETWEEN(1,5),1,1,1,1,2),""))))) | I14: =IF(OR('Öğrenci Listesi'!B15="",R14=""),"",IF(R14="Çok İyi",CHOOSE(RANDBETWEEN(1,5),4,4,4,4,3),IF(R14="İyi",CHOOSE(RANDBETWEEN(1,5),3,3,3,4,2),IF(R14="Yeterli",CHOOSE(RANDBETWEEN(1,5),2,2,2,3,1),IF(R14="Geliştirilmeli",CHOOSE(RANDBETWEEN(1,5),1,1,1,1,2),""))))) | J14: =IF(OR('Öğrenci Listesi'!B15="",R14=""),"",IF(R14="Çok İyi",CHOOSE(RANDBETWEEN(1,5),4,4,4,4,3),IF(R14="İyi",CHOOSE(RANDBETWEEN(1,5),3,3,3,4,2),IF(R14="Yeterli",CHOOSE(RANDBETWEEN(1,5),2,2,2,3,1),IF(R14="Geliştirilmeli",CHOOSE(RANDBETWEEN(1,5),1,1,1,1,2),""))))) | K14: =IF(OR('Öğrenci Listesi'!B15="",R14=""),"",IF(R14="Çok İyi",CHOOSE(RANDBETWEEN(1,5),4,4,4,4,3),IF(R14="İyi",CHOOSE(RANDBETWEEN(1,5),3,3,3,4,2),IF(R14="Yeterli",CHOOSE(RANDBETWEEN(1,5),2,2,2,3,1),IF(R14="Geliştirilmeli",CHOOSE(RANDBETWEEN(1,5),1,1,1,1,2),""))))) | L14: =IF(OR('Öğrenci Listesi'!B15="",R14=""),"",IF(R14="Çok İyi",CHOOSE(RANDBETWEEN(1,5),4,4,4,4,3),IF(R14="İyi",CHOOSE(RANDBETWEEN(1,5),3,3,3,4,2),IF(R14="Yeterli",CHOOSE(RANDBETWEEN(1,5),2,2,2,3,1),IF(R14="Geliştirilmeli",CHOOSE(RANDBETWEEN(1,5),1,1,1,1,2),""))))) | M14: =IF(OR('Öğrenci Listesi'!B15="",R14=""),"",IF(R14="Çok İyi",CHOOSE(RANDBETWEEN(1,5),4,4,4,4,3),IF(R14="İyi",CHOOSE(RANDBETWEEN(1,5),3,3,3,4,2),IF(R14="Yeterli",CHOOSE(RANDBETWEEN(1,5),2,2,2,3,1),IF(R14="Geliştirilmeli",CHOOSE(RANDBETWEEN(1,5),1,1,1,1,2),""))))) | N14: =IF(OR('Öğrenci Listesi'!B15="",R14=""),"",IF(R14="Çok İyi",CHOOSE(RANDBETWEEN(1,5),4,4,4,4,3),IF(R14="İyi",CHOOSE(RANDBETWEEN(1,5),3,3,3,4,2),IF(R14="Yeterli",CHOOSE(RANDBETWEEN(1,5),2,2,2,3,1),IF(R14="Geliştirilmeli",CHOOSE(RANDBETWEEN(1,5),1,1,1,1,2),""))))) | O14: =IF(OR('Öğrenci Listesi'!B15="",R14=""),"",IF(R14="Çok İyi",CHOOSE(RANDBETWEEN(1,5),4,4,4,4,3),IF(R14="İyi",CHOOSE(RANDBETWEEN(1,5),3,3,3,4,2),IF(R14="Yeterli",CHOOSE(RANDBETWEEN(1,5),2,2,2,3,1),IF(R14="Geliştirilmeli",CHOOSE(RANDBETWEEN(1,5),1,1,1,1,2),""))))) | P14: =IF(OR('Öğrenci Listesi'!B15="",R14=""),"",IF(R14="Çok İyi",CHOOSE(RANDBETWEEN(1,5),4,4,4,4,3),IF(R14="İyi",CHOOSE(RANDBETWEEN(1,5),3,3,3,4,2),IF(R14="Yeterli",CHOOSE(RANDBETWEEN(1,5),2,2,2,3,1),IF(R14="Geliştirilmeli",CHOOSE(RANDBETWEEN(1,5),1,1,1,1,2),""))))) | Q14: =IF(OR('Öğrenci Listesi'!B15="",R14=""),"",ROUND(AVERAGE(C14:P14),2)) | R14: =IFERROR(IF('Öğrenci Listesi'!G15="","",IF(UPPER(TRIM('Öğrenci Listesi'!G15))="ÇOK İYİ","Çok İyi",IF(UPPER(TRIM('Öğrenci Listesi'!G15))="İYİ","İyi",IF(UPPER(TRIM('Öğrenci Listesi'!G15))="YETERLİ","Yeterli",IF(UPPER(TRIM('Öğrenci Listesi'!G15))="GELİŞTİRİLMELİ","Geliştirilmeli",'Öğrenci Listesi'!G15))))),"")
A15: =IFERROR(IF('Öğrenci Listesi'!A16="","",'Öğrenci Listesi'!A16),"") | B15: =IFERROR(IF('Öğrenci Listesi'!B16="","",'Öğrenci Listesi'!B16),"") | C15: =IF(OR('Öğrenci Listesi'!B16="",R15=""),"",IF(R15="Çok İyi",CHOOSE(RANDBETWEEN(1,5),4,4,4,4,3),IF(R15="İyi",CHOOSE(RANDBETWEEN(1,5),3,3,3,4,2),IF(R15="Yeterli",CHOOSE(RANDBETWEEN(1,5),2,2,2,3,1),IF(R15="Geliştirilmeli",CHOOSE(RANDBETWEEN(1,5),1,1,1,1,2),""))))) | D15: =IF(OR('Öğrenci Listesi'!B16="",R15=""),"",IF(R15="Çok İyi",CHOOSE(RANDBETWEEN(1,5),4,4,4,4,3),IF(R15="İyi",CHOOSE(RANDBETWEEN(1,5),3,3,3,4,2),IF(R15="Yeterli",CHOOSE(RANDBETWEEN(1,5),2,2,2,3,1),IF(R15="Geliştirilmeli",CHOOSE(RANDBETWEEN(1,5),1,1,1,1,2),""))))) | E15: =IF(OR('Öğrenci Listesi'!B16="",R15=""),"",IF(R15="Çok İyi",CHOOSE(RANDBETWEEN(1,5),4,4,4,4,3),IF(R15="İyi",CHOOSE(RANDBETWEEN(1,5),3,3,3,4,2),IF(R15="Yeterli",CHOOSE(RANDBETWEEN(1,5),2,2,2,3,1),IF(R15="Geliştirilmeli",CHOOSE(RANDBETWEEN(1,5),1,1,1,1,2),""))))) | F15: =IF(OR('Öğrenci Listesi'!B16="",R15=""),"",IF(R15="Çok İyi",CHOOSE(RANDBETWEEN(1,5),4,4,4,4,3),IF(R15="İyi",CHOOSE(RANDBETWEEN(1,5),3,3,3,4,2),IF(R15="Yeterli",CHOOSE(RANDBETWEEN(1,5),2,2,2,3,1),IF(R15="Geliştirilmeli",CHOOSE(RANDBETWEEN(1,5),1,1,1,1,2),""))))) | G15: =IF(OR('Öğrenci Listesi'!B16="",R15=""),"",IF(R15="Çok İyi",CHOOSE(RANDBETWEEN(1,5),4,4,4,4,3),IF(R15="İyi",CHOOSE(RANDBETWEEN(1,5),3,3,3,4,2),IF(R15="Yeterli",CHOOSE(RANDBETWEEN(1,5),2,2,2,3,1),IF(R15="Geliştirilmeli",CHOOSE(RANDBETWEEN(1,5),1,1,1,1,2),""))))) | H15: =IF(OR('Öğrenci Listesi'!B16="",R15=""),"",IF(R15="Çok İyi",CHOOSE(RANDBETWEEN(1,5),4,4,4,4,3),IF(R15="İyi",CHOOSE(RANDBETWEEN(1,5),3,3,3,4,2),IF(R15="Yeterli",CHOOSE(RANDBETWEEN(1,5),2,2,2,3,1),IF(R15="Geliştirilmeli",CHOOSE(RANDBETWEEN(1,5),1,1,1,1,2),""))))) | I15: =IF(OR('Öğrenci Listesi'!B16="",R15=""),"",IF(R15="Çok İyi",CHOOSE(RANDBETWEEN(1,5),4,4,4,4,3),IF(R15="İyi",CHOOSE(RANDBETWEEN(1,5),3,3,3,4,2),IF(R15="Yeterli",CHOOSE(RANDBETWEEN(1,5),2,2,2,3,1),IF(R15="Geliştirilmeli",CHOOSE(RANDBETWEEN(1,5),1,1,1,1,2),""))))) | J15: =IF(OR('Öğrenci Listesi'!B16="",R15=""),"",IF(R15="Çok İyi",CHOOSE(RANDBETWEEN(1,5),4,4,4,4,3),IF(R15="İyi",CHOOSE(RANDBETWEEN(1,5),3,3,3,4,2),IF(R15="Yeterli",CHOOSE(RANDBETWEEN(1,5),2,2,2,3,1),IF(R15="Geliştirilmeli",CHOOSE(RANDBETWEEN(1,5),1,1,1,1,2),""))))) | K15: =IF(OR('Öğrenci Listesi'!B16="",R15=""),"",IF(R15="Çok İyi",CHOOSE(RANDBETWEEN(1,5),4,4,4,4,3),IF(R15="İyi",CHOOSE(RANDBETWEEN(1,5),3,3,3,4,2),IF(R15="Yeterli",CHOOSE(RANDBETWEEN(1,5),2,2,2,3,1),IF(R15="Geliştirilmeli",CHOOSE(RANDBETWEEN(1,5),1,1,1,1,2),""))))) | L15: =IF(OR('Öğrenci Listesi'!B16="",R15=""),"",IF(R15="Çok İyi",CHOOSE(RANDBETWEEN(1,5),4,4,4,4,3),IF(R15="İyi",CHOOSE(RANDBETWEEN(1,5),3,3,3,4,2),IF(R15="Yeterli",CHOOSE(RANDBETWEEN(1,5),2,2,2,3,1),IF(R15="Geliştirilmeli",CHOOSE(RANDBETWEEN(1,5),1,1,1,1,2),""))))) | M15: =IF(OR('Öğrenci Listesi'!B16="",R15=""),"",IF(R15="Çok İyi",CHOOSE(RANDBETWEEN(1,5),4,4,4,4,3),IF(R15="İyi",CHOOSE(RANDBETWEEN(1,5),3,3,3,4,2),IF(R15="Yeterli",CHOOSE(RANDBETWEEN(1,5),2,2,2,3,1),IF(R15="Geliştirilmeli",CHOOSE(RANDBETWEEN(1,5),1,1,1,1,2),""))))) | N15: =IF(OR('Öğrenci Listesi'!B16="",R15=""),"",IF(R15="Çok İyi",CHOOSE(RANDBETWEEN(1,5),4,4,4,4,3),IF(R15="İyi",CHOOSE(RANDBETWEEN(1,5),3,3,3,4,2),IF(R15="Yeterli",CHOOSE(RANDBETWEEN(1,5),2,2,2,3,1),IF(R15="Geliştirilmeli",CHOOSE(RANDBETWEEN(1,5),1,1,1,1,2),""))))) | O15: =IF(OR('Öğrenci Listesi'!B16="",R15=""),"",IF(R15="Çok İyi",CHOOSE(RANDBETWEEN(1,5),4,4,4,4,3),IF(R15="İyi",CHOOSE(RANDBETWEEN(1,5),3,3,3,4,2),IF(R15="Yeterli",CHOOSE(RANDBETWEEN(1,5),2,2,2,3,1),IF(R15="Geliştirilmeli",CHOOSE(RANDBETWEEN(1,5),1,1,1,1,2),""))))) | P15: =IF(OR('Öğrenci Listesi'!B16="",R15=""),"",IF(R15="Çok İyi",CHOOSE(RANDBETWEEN(1,5),4,4,4,4,3),IF(R15="İyi",CHOOSE(RANDBETWEEN(1,5),3,3,3,4,2),IF(R15="Yeterli",CHOOSE(RANDBETWEEN(1,5),2,2,2,3,1),IF(R15="Geliştirilmeli",CHOOSE(RANDBETWEEN(1,5),1,1,1,1,2),""))))) | Q15: =IF(OR('Öğrenci Listesi'!B16="",R15=""),"",ROUND(AVERAGE(C15:P15),2)) | R15: =IFERROR(IF('Öğrenci Listesi'!G16="","",IF(UPPER(TRIM('Öğrenci Listesi'!G16))="ÇOK İYİ","Çok İyi",IF(UPPER(TRIM('Öğrenci Listesi'!G16))="İYİ","İyi",IF(UPPER(TRIM('Öğrenci Listesi'!G16))="YETERLİ","Yeterli",IF(UPPER(TRIM('Öğrenci Listesi'!G16))="GELİŞTİRİLMELİ","Geliştirilmeli",'Öğrenci Listesi'!G16))))),"")
A16: =IFERROR(IF('Öğrenci Listesi'!A17="","",'Öğrenci Listesi'!A17),"") | B16: =IFERROR(IF('Öğrenci Listesi'!B17="","",'Öğrenci Listesi'!B17),"") | C16: =IF(OR('Öğrenci Listesi'!B17="",R16=""),"",IF(R16="Çok İyi",CHOOSE(RANDBETWEEN(1,5),4,4,4,4,3),IF(R16="İyi",CHOOSE(RANDBETWEEN(1,5),3,3,3,4,2),IF(R16="Yeterli",CHOOSE(RANDBETWEEN(1,5),2,2,2,3,1),IF(R16="Geliştirilmeli",CHOOSE(RANDBETWEEN(1,5),1,1,1,1,2),""))))) | D16: =IF(OR('Öğrenci Listesi'!B17="",R16=""),"",IF(R16="Çok İyi",CHOOSE(RANDBETWEEN(1,5),4,4,4,4,3),IF(R16="İyi",CHOOSE(RANDBETWEEN(1,5),3,3,3,4,2),IF(R16="Yeterli",CHOOSE(RANDBETWEEN(1,5),2,2,2,3,1),IF(R16="Geliştirilmeli",CHOOSE(RANDBETWEEN(1,5),1,1,1,1,2),""))))) | E16: =IF(OR('Öğrenci Listesi'!B17="",R16=""),"",IF(R16="Çok İyi",CHOOSE(RANDBETWEEN(1,5),4,4,4,4,3),IF(R16="İyi",CHOOSE(RANDBETWEEN(1,5),3,3,3,4,2),IF(R16="Yeterli",CHOOSE(RANDBETWEEN(1,5),2,2,2,3,1),IF(R16="Geliştirilmeli",CHOOSE(RANDBETWEEN(1,5),1,1,1,1,2),""))))) | F16: =IF(OR('Öğrenci Listesi'!B17="",R16=""),"",IF(R16="Çok İyi",CHOOSE(RANDBETWEEN(1,5),4,4,4,4,3),IF(R16="İyi",CHOOSE(RANDBETWEEN(1,5),3,3,3,4,2),IF(R16="Yeterli",CHOOSE(RANDBETWEEN(1,5),2,2,2,3,1),IF(R16="Geliştirilmeli",CHOOSE(RANDBETWEEN(1,5),1,1,1,1,2),""))))) | G16: =IF(OR('Öğrenci Listesi'!B17="",R16=""),"",IF(R16="Çok İyi",CHOOSE(RANDBETWEEN(1,5),4,4,4,4,3),IF(R16="İyi",CHOOSE(RANDBETWEEN(1,5),3,3,3,4,2),IF(R16="Yeterli",CHOOSE(RANDBETWEEN(1,5),2,2,2,3,1),IF(R16="Geliştirilmeli",CHOOSE(RANDBETWEEN(1,5),1,1,1,1,2),""))))) | H16: =IF(OR('Öğrenci Listesi'!B17="",R16=""),"",IF(R16="Çok İyi",CHOOSE(RANDBETWEEN(1,5),4,4,4,4,3),IF(R16="İyi",CHOOSE(RANDBETWEEN(1,5),3,3,3,4,2),IF(R16="Yeterli",CHOOSE(RANDBETWEEN(1,5),2,2,2,3,1),IF(R16="Geliştirilmeli",CHOOSE(RANDBETWEEN(1,5),1,1,1,1,2),""))))) | I16: =IF(OR('Öğrenci Listesi'!B17="",R16=""),"",IF(R16="Çok İyi",CHOOSE(RANDBETWEEN(1,5),4,4,4,4,3),IF(R16="İyi",CHOOSE(RANDBETWEEN(1,5),3,3,3,4,2),IF(R16="Yeterli",CHOOSE(RANDBETWEEN(1,5),2,2,2,3,1),IF(R16="Geliştirilmeli",CHOOSE(RANDBETWEEN(1,5),1,1,1,1,2),""))))) | J16: =IF(OR('Öğrenci Listesi'!B17="",R16=""),"",IF(R16="Çok İyi",CHOOSE(RANDBETWEEN(1,5),4,4,4,4,3),IF(R16="İyi",CHOOSE(RANDBETWEEN(1,5),3,3,3,4,2),IF(R16="Yeterli",CHOOSE(RANDBETWEEN(1,5),2,2,2,3,1),IF(R16="Geliştirilmeli",CHOOSE(RANDBETWEEN(1,5),1,1,1,1,2),""))))) | K16: =IF(OR('Öğrenci Listesi'!B17="",R16=""),"",IF(R16="Çok İyi",CHOOSE(RANDBETWEEN(1,5),4,4,4,4,3),IF(R16="İyi",CHOOSE(RANDBETWEEN(1,5),3,3,3,4,2),IF(R16="Yeterli",CHOOSE(RANDBETWEEN(1,5),2,2,2,3,1),IF(R16="Geliştirilmeli",CHOOSE(RANDBETWEEN(1,5),1,1,1,1,2),""))))) | L16: =IF(OR('Öğrenci Listesi'!B17="",R16=""),"",IF(R16="Çok İyi",CHOOSE(RANDBETWEEN(1,5),4,4,4,4,3),IF(R16="İyi",CHOOSE(RANDBETWEEN(1,5),3,3,3,4,2),IF(R16="Yeterli",CHOOSE(RANDBETWEEN(1,5),2,2,2,3,1),IF(R16="Geliştirilmeli",CHOOSE(RANDBETWEEN(1,5),1,1,1,1,2),""))))) | M16: =IF(OR('Öğrenci Listesi'!B17="",R16=""),"",IF(R16="Çok İyi",CHOOSE(RANDBETWEEN(1,5),4,4,4,4,3),IF(R16="İyi",CHOOSE(RANDBETWEEN(1,5),3,3,3,4,2),IF(R16="Yeterli",CHOOSE(RANDBETWEEN(1,5),2,2,2,3,1),IF(R16="Geliştirilmeli",CHOOSE(RANDBETWEEN(1,5),1,1,1,1,2),""))))) | N16: =IF(OR('Öğrenci Listesi'!B17="",R16=""),"",IF(R16="Çok İyi",CHOOSE(RANDBETWEEN(1,5),4,4,4,4,3),IF(R16="İyi",CHOOSE(RANDBETWEEN(1,5),3,3,3,4,2),IF(R16="Yeterli",CHOOSE(RANDBETWEEN(1,5),2,2,2,3,1),IF(R16="Geliştirilmeli",CHOOSE(RANDBETWEEN(1,5),1,1,1,1,2),""))))) | O16: =IF(OR('Öğrenci Listesi'!B17="",R16=""),"",IF(R16="Çok İyi",CHOOSE(RANDBETWEEN(1,5),4,4,4,4,3),IF(R16="İyi",CHOOSE(RANDBETWEEN(1,5),3,3,3,4,2),IF(R16="Yeterli",CHOOSE(RANDBETWEEN(1,5),2,2,2,3,1),IF(R16="Geliştirilmeli",CHOOSE(RANDBETWEEN(1,5),1,1,1,1,2),""))))) | P16: =IF(OR('Öğrenci Listesi'!B17="",R16=""),"",IF(R16="Çok İyi",CHOOSE(RANDBETWEEN(1,5),4,4,4,4,3),IF(R16="İyi",CHOOSE(RANDBETWEEN(1,5),3,3,3,4,2),IF(R16="Yeterli",CHOOSE(RANDBETWEEN(1,5),2,2,2,3,1),IF(R16="Geliştirilmeli",CHOOSE(RANDBETWEEN(1,5),1,1,1,1,2),""))))) | Q16: =IF(OR('Öğrenci Listesi'!B17="",R16=""),"",ROUND(AVERAGE(C16:P16),2)) | R16: =IFERROR(IF('Öğrenci Listesi'!G17="","",IF(UPPER(TRIM('Öğrenci Listesi'!G17))="ÇOK İYİ","Çok İyi",IF(UPPER(TRIM('Öğrenci Listesi'!G17))="İYİ","İyi",IF(UPPER(TRIM('Öğrenci Listesi'!G17))="YETERLİ","Yeterli",IF(UPPER(TRIM('Öğrenci Listesi'!G17))="GELİŞTİRİLMELİ","Geliştirilmeli",'Öğrenci Listesi'!G17))))),"")
... A44: =IFERROR(IF('Öğrenci Listesi'!A45="","",'Öğrenci Listesi'!A45),"") | B44: =IFERROR(IF('Öğrenci Listesi'!B45="","",'Öğrenci Listesi'!B45),"") | C44: =IF(OR('Öğrenci Listesi'!B45="",R44=""),"",IF(R44="Çok İyi",CHOOSE(RANDBETWEEN(1,5),4,4,4,4,3),IF(R44="İyi",CHOOSE(RANDBETWEEN(1,5),3,3,3,4,2),IF(R44="Yeterli",CHOOSE(RANDBETWEEN(1,5),2,2,2,3,1),IF(R44="Geliştirilmeli",CHOOSE(RANDBETWEEN(1,5),1,1,1,1,2),""))))) | D44: =IF(OR('Öğrenci Listesi'!B45="",R44=""),"",IF(R44="Çok İyi",CHOOSE(RANDBETWEEN(1,5),4,4,4,4,3),IF(R44="İyi",CHOOSE(RANDBETWEEN(1,5),3,3,3,4,2),IF(R44="Yeterli",CHOOSE(RANDBETWEEN(1,5),2,2,2,3,1),IF(R44="Geliştirilmeli",CHOOSE(RANDBETWEEN(1,5),1,1,1,1,2),""))))) | E44: =IF(OR('Öğrenci Listesi'!B45="",R44=""),"",IF(R44="Çok İyi",CHOOSE(RANDBETWEEN(1,5),4,4,4,4,3),IF(R44="İyi",CHOOSE(RANDBETWEEN(1,5),3,3,3,4,2),IF(R44="Yeterli",CHOOSE(RANDBETWEEN(1,5),2,2,2,3,1),IF(R44="Geliştirilmeli",CHOOSE(RANDBETWEEN(1,5),1,1,1,1,2),""))))) | F44: =IF(OR('Öğrenci Listesi'!B45="",R44=""),"",IF(R44="Çok İyi",CHOOSE(RANDBETWEEN(1,5),4,4,4,4,3),IF(R44="İyi",CHOOSE(RANDBETWEEN(1,5),3,3,3,4,2),IF(R44="Yeterli",CHOOSE(RANDBETWEEN(1,5),2,2,2,3,1),IF(R44="Geliştirilmeli",CHOOSE(RANDBETWEEN(1,5),1,1,1,1,2),""))))) | G44: =IF(OR('Öğrenci Listesi'!B45="",R44=""),"",IF(R44="Çok İyi",CHOOSE(RANDBETWEEN(1,5),4,4,4,4,3),IF(R44="İyi",CHOOSE(RANDBETWEEN(1,5),3,3,3,4,2),IF(R44="Yeterli",CHOOSE(RANDBETWEEN(1,5),2,2,2,3,1),IF(R44="Geliştirilmeli",CHOOSE(RANDBETWEEN(1,5),1,1,1,1,2),""))))) | H44: =IF(OR('Öğrenci Listesi'!B45="",R44=""),"",IF(R44="Çok İyi",CHOOSE(RANDBETWEEN(1,5),4,4,4,4,3),IF(R44="İyi",CHOOSE(RANDBETWEEN(1,5),3,3,3,4,2),IF(R44="Yeterli",CHOOSE(RANDBETWEEN(1,5),2,2,2,3,1),IF(R44="Geliştirilmeli",CHOOSE(RANDBETWEEN(1,5),1,1,1,1,2),""))))) | I44: =IF(OR('Öğrenci Listesi'!B45="",R44=""),"",IF(R44="Çok İyi",CHOOSE(RANDBETWEEN(1,5),4,4,4,4,3),IF(R44="İyi",CHOOSE(RANDBETWEEN(1,5),3,3,3,4,2),IF(R44="Yeterli",CHOOSE(RANDBETWEEN(1,5),2,2,2,3,1),IF(R44="Geliştirilmeli",CHOOSE(RANDBETWEEN(1,5),1,1,1,1,2),""))))) | J44: =IF(OR('Öğrenci Listesi'!B45="",R44=""),"",IF(R44="Çok İyi",CHOOSE(RANDBETWEEN(1,5),4,4,4,4,3),IF(R44="İyi",CHOOSE(RANDBETWEEN(1,5),3,3,3,4,2),IF(R44="Yeterli",CHOOSE(RANDBETWEEN(1,5),2,2,2,3,1),IF(R44="Geliştirilmeli",CHOOSE(RANDBETWEEN(1,5),1,1,1,1,2),""))))) | K44: =IF(OR('Öğrenci Listesi'!B45="",R44=""),"",IF(R44="Çok İyi",CHOOSE(RANDBETWEEN(1,5),4,4,4,4,3),IF(R44="İyi",CHOOSE(RANDBETWEEN(1,5),3,3,3,4,2),IF(R44="Yeterli",CHOOSE(RANDBETWEEN(1,5),2,2,2,3,1),IF(R44="Geliştirilmeli",CHOOSE(RANDBETWEEN(1,5),1,1,1,1,2),""))))) | L44: =IF(OR('Öğrenci Listesi'!B45="",R44=""),"",IF(R44="Çok İyi",CHOOSE(RANDBETWEEN(1,5),4,4,4,4,3),IF(R44="İyi",CHOOSE(RANDBETWEEN(1,5),3,3,3,4,2),IF(R44="Yeterli",CHOOSE(RANDBETWEEN(1,5),2,2,2,3,1),IF(R44="Geliştirilmeli",CHOOSE(RANDBETWEEN(1,5),1,1,1,1,2),""))))) | M44: =IF(OR('Öğrenci Listesi'!B45="",R44=""),"",IF(R44="Çok İyi",CHOOSE(RANDBETWEEN(1,5),4,4,4,4,3),IF(R44="İyi",CHOOSE(RANDBETWEEN(1,5),3,3,3,4,2),IF(R44="Yeterli",CHOOSE(RANDBETWEEN(1,5),2,2,2,3,1),IF(R44="Geliştirilmeli",CHOOSE(RANDBETWEEN(1,5),1,1,1,1,2),""))))) | N44: =IF(OR('Öğrenci Listesi'!B45="",R44=""),"",IF(R44="Çok İyi",CHOOSE(RANDBETWEEN(1,5),4,4,4,4,3),IF(R44="İyi",CHOOSE(RANDBETWEEN(1,5),3,3,3,4,2),IF(R44="Yeterli",CHOOSE(RANDBETWEEN(1,5),2,2,2,3,1),IF(R44="Geliştirilmeli",CHOOSE(RANDBETWEEN(1,5),1,1,1,1,2),""))))) | O44: =IF(OR('Öğrenci Listesi'!B45="",R44=""),"",IF(R44="Çok İyi",CHOOSE(RANDBETWEEN(1,5),4,4,4,4,3),IF(R44="İyi",CHOOSE(RANDBETWEEN(1,5),3,3,3,4,2),IF(R44="Yeterli",CHOOSE(RANDBETWEEN(1,5),2,2,2,3,1),IF(R44="Geliştirilmeli",CHOOSE(RANDBETWEEN(1,5),1,1,1,1,2),""))))) | P44: =IF(OR('Öğrenci Listesi'!B45="",R44=""),"",IF(R44="Çok İyi",CHOOSE(RANDBETWEEN(1,5),4,4,4,4,3),IF(R44="İyi",CHOOSE(RANDBETWEEN(1,5),3,3,3,4,2),IF(R44="Yeterli",CHOOSE(RANDBETWEEN(1,5),2,2,2,3,1),IF(R44="Geliştirilmeli",CHOOSE(RANDBETWEEN(1,5),1,1,1,1,2),""))))) | Q44: =IF(OR('Öğrenci Listesi'!B45="",R44=""),"",ROUND(AVERAGE(C44:P44),2)) | R44: =IFERROR(IF('Öğrenci Listesi'!G45="","",IF(UPPER(TRIM('Öğrenci Listesi'!G45))="ÇOK İYİ","Çok İyi",IF(UPPER(TRIM('Öğrenci Listesi'!G45))="İYİ","İyi",IF(UPPER(TRIM('Öğrenci Listesi'!G45))="YETERLİ","Yeterli",IF(UPPER(TRIM('Öğrenci Listesi'!G45))="GELİŞTİRİLMELİ","Geliştirilmeli",'Öğrenci Listesi'!G45))))),"")
A46: DEĞERLENDİRME ÖLÇEĞİ: 4 = Çok İyi • 3 = İyi • 2 = Yeterli • 1 = Geliştirilmeli | 💡 Öğrenci sayınız azsa boş satırları seçip silin
A47: =Bilgiler!B6&" Sınıf Öğretmeni" | J47: Okul Müdürü
A49: =Bilgiler!B9 | J49: =Bilgiler!B10
